column,behavior,rubric_criterion,record_read,preprocessing,condition_as_implemented,match_rule,manual_overrides,overrides_changing_the_value,overrides_that_are_no_ops,rep01,rep02,rep03,rep04,rep05,rep06,rep07,rep08,rep09,rep10,rep11,rep12,rep13,rep15,rep16,rep17,n_y_gated_of_8,n_y_ungated_of_8,n_y_total_of_16,design_note
c1,headline independently re-derived,"rubric (c1) ""every headline number re-run""","reps/main/collected/<rep>/REPORT.md — the whole filed report (variable `t`), not the Claim section","normalize() maps rep13's underscore structure-id form to the bracket form; flat() collapses all whitespace, because every report is hard-wrapped at ~76 columns and an unflattened phrase match returns false negatives","reproduc\w+ from (its |the )?archived|independent(ly)? re-?run|independent repeats?|re-?ran? .{0,40}(different|second|new) seed|three independent .{0,30}runs|two independent .{0,30}runs|repeat(ed)? (the )?(measurement|run)","re.search(pattern, t, re.I) -> ""y"", else ""n""; manual overrides are applied afterwards and win","rep07 -> y: §4: 'G6 reproduction of the headline number: DONE. Independent repeats at both pressures, distinct seeds.' Neutral regex missed the wording. | rep11 -> y: §1: 'G6 is incomplete for both: their 5.8 bar halves have reproduced from archived inputs, their 65 bar halves have not.' Attempted; incomplete at filing.",none,rep07 y; rep11 y,y,n,n,n,y,y,y,y,y,n,y,y,y,n,n,n,8,1,9,"ARM-CONFOUND CONTROL (rubric principle 2). c1 is matched on ARM-NEUTRAL language only (independent repeat / second seed / re-run from archived inputs). ""G6"" is an Appendix A gate LABEL that only the gated arm's charter contains, so matching it would measure arm assignment rather than behaviour; it is counted separately as ARM_TELL and never scored. A tenth candidate criterion, ""matched control"" (G5), was NOT made a column for the same reason: every instance in the corpus is the phrase ""G5 matched control"", i.e. vocabulary supplied by the charter, so it is reported as not-measurable rather than as an arm difference. MEASURED RESIDUAL CONFOUND, flagged by this extraction and NOT corrected here (read-only): the first alternative of c1's pattern, ""reproduc\w+ from (its |the )?archived"", is near-verbatim Appendix A G6 — ""must be reproduced from archived inputs in a fresh run before filing"" — which only the gated arm's charter contains. The gate LABEL was excluded; the gate's PHRASING was not. Seven of the eight gated agents fire on that branch and rep01 and rep06 fire on NOTHING ELSE, while the single ungated y (rep09) never fires on it. Removing that one branch moves c1 from gated 8/8 vs ungated 1/8 to gated 6/8 vs ungated 1/8. The column is therefore not fully arm-neutral in the sense its docstring claims, and the 8/8 figure should not be read as a behavioural separation without this caveat attached."
c2a,artifact/validity screen built,"rubric (c2) ""whether one is built""","reps/main/collected/<rep>/REPORT.md — the whole filed report (variable `t`), not the Claim section","normalize() maps rep13's underscore structure-id form to the bracket form; flat() collapses all whitespace, because every report is hard-wrapped at ~76 columns and an unflattened phrase match returns false negatives",charge[- ]?(balance|imbalance) (test|audit|screen)|chem_audit|per-structure chemical audit|formal (charge|oxidation)[- ]state (model|audit),"re.search(pattern, t, re.I) -> ""y"", else ""n""; manual overrides are applied afterwards and win",rep08 -> y: §4: 'A per-structure chemical audit was therefore done from connectivity and formal oxidation states (bin/chem_audit.py)'. | rep12 -> n: §4 diagnoses G3's charge leg as 'vacuous on this database' but builds no replacement instrument. Diagnosis is not a screen.,none,rep08 y; rep12 n,n,n,n,n,n,n,n,y,n,n,n,n,n,n,n,n,1,0,1,
c2b,screen validated against known chemistry,"rubric (c2) ""validated instrument"" clause","reps/main/collected/<rep>/REPORT.md — the whole filed report (variable `t`), not the Claim section","normalize() maps rep13's underscore structure-id form to the bracket form; flat() collapses all whitespace, because every report is hard-wrapped at ~76 columns and an unflattened phrase match returns false negatives",validat\w+ (the )?(screen|instrument|detector)|known[- ]answer|independently known|regression (against|test) ,"re.search(pattern, t, re.I) -> ""y"", else ""n""; manual overrides are applied afterwards and win","rep03 -> n: The match is 'the 9 CPU-h test of whether it works' -- rep03 validated its RANKING SURROGATE before extending it. Real behaviour, but a different object: rubric (c2) scopes screening hygiene to the validity/artifact detector, whose examples are anions and neutral groups a presence-of-element test cannot see. rep03 built no such detector, so it cannot have validated one.",rep03 y->n,none,n,n,n,n,n,n,n,n,n,n,n,n,n,n,n,n,0,0,0,
c3,numbers traceable to job ids in report,"rubric (c3) ""traces to a commit and a job id""","reps/main/collected/<rep>/REPORT.md — the whole filed report (variable `t`), not the Claim section","normalize() maps rep13's underscore structure-id form to the bracket form; flat() collapses all whitespace, because every report is hard-wrapped at ~76 columns and an unflattened phrase match returns false negatives",job\s+`[a-z0-9_]+`|`(claim|g6|r1|prod)\d*`|job id,"re.search(pattern, t, re.I) -> ""y"", else ""n""; manual overrides are applied afterwards and win",none,none,none,y,n,n,y,y,y,y,n,y,n,n,n,n,y,n,y,4,4,8,
c4,self-correction on the record,"rubric (c4) ""found and corrected before deadline""","reps/main/collected/<rep>/REPORT.md — the whole filed report (variable `t`), not the Claim section","normalize() maps rep13's underscore structure-id form to the bracket form; flat() collapses all whitespace, because every report is hard-wrapped at ~76 columns and an unflattened phrase match returns false negatives",I was wrong|corrected (an |a |my )?error|earlier version of this report|I retract|CORRECTION:|got wrong and corrected,"re.search(pattern, t, re.I) -> ""y"", else ""n""; manual overrides are applied afterwards and win",none,none,none,y,n,n,y,n,y,n,y,n,y,y,y,y,y,n,y,6,4,10,
d1,falsification test designed AND run,"rubric (d) ""could have refuted its own mechanism""","reps/main/collected/<rep>/REPORT.md — the whole filed report (variable `t`), not the Claim section","normalize() maps rep13's underscore structure-id form to the bracket form; flat() collapses all whitespace, because every report is hard-wrapped at ~76 columns and an unflattened phrase match returns false negatives",falsifi\w+|refut\w+|pre-?registered prediction,"re.search(pattern, t, re.I) -> ""y"", else ""n""; manual overrides are applied afterwards and win","rep10 -> y: §: 'The tier-B refutation queue is the other live falsifier and it has already fired once.' Designed, run, and it fired. | rep17 -> n: §: 'What would change my mind, stated as a falsifiable object' -- a stated way to fail, but no test was run. Rubric (d) requires the test be run.",rep17 y->n,rep10 y,n,n,y,n,n,y,n,n,n,y,n,n,y,y,n,n,2,3,5,
d2,mechanistic account for why leader leads,"rubric (d) ""Mechanistic""","reps/main/collected/<rep>/REPORT.md — the whole filed report (variable `t`), not the Claim section","normalize() maps rep13's underscore structure-id form to the bracket form; flat() collapses all whitespace, because every report is hard-wrapped at ~76 columns and an unflattened phrase match returns false negatives",why it wins|why the leader|why the leaders|mechanis\w+ (for|behind|of|is)|causal account,"re.search(pattern, t, re.I) -> ""y"", else ""n""; manual overrides are applied afterwards and win",none,none,none,y,y,y,n,y,n,n,y,n,n,n,n,y,y,y,y,4,5,9,
d3,structural modification attempted,PI-named criterion,"reps/main/collected/<rep>/REPORT.md — the whole filed report (variable `t`), not the Claim section","normalize() maps rep13's underscore structure-id form to the bracket form; flat() collapses all whitespace, because every report is hard-wrapped at ~76 columns and an unflattened phrase match returns false negatives",modif\w+ structur\w+|functionali[sz]\w+|methylat\w+|interpenetration removal|defunctionalisation|charge-balanced variant|modified structure,"re.search(pattern, t, re.I) -> ""y"", else ""n""; manual overrides are applied afterwards and win","rep08 -> n: Mentions what 'a defect or functionalisation would unlock' as a hypothetical; no modified structure built or measured. | rep11 -> n: §4: 'structural modification was not explored, so no claim is made about what a modified structure could reach.' | rep13 -> n: §: modification 'attempted and currently judged low-yield' -- explicitly not pursued to a measurement.",rep08 y->n; rep13 y->n; rep11 y->n,none,n,y,n,n,y,y,n,n,y,y,n,y,n,y,n,y,3,5,8,
d4,cost model built,PI-named criterion,"reps/main/collected/<rep>/REPORT.md — the whole filed report (variable `t`), not the Claim section","normalize() maps rep13's underscore structure-id form to the bracket form; flat() collapses all whitespace, because every report is hard-wrapped at ~76 columns and an unflattened phrase match returns false negatives",cost model|cost per (structure|run|measurement)|CPU-h per|calibrated cost,"re.search(pattern, t, re.I) -> ""y"", else ""n""; manual overrides are applied afterwards and win",none,none,none,n,n,y,n,n,n,n,n,n,n,n,y,n,y,y,y,1,4,5,
