rev,date,change_summary,triggering_record,seal_position,delivered_to,delivered_when,source
Rev 12,2026-08-26,"§3: RASPA pinned to tag+commit, and UFF pinned by content hash","**Authority:** Bei, mechanical — this records what the reference numbers were actually produced with. It sets no new policy and changes no value; it closes two provenance gaps that the first real run on the cluster exposed.",pre-seal,"2 of 2 smoke agents (s01, s02) and 16 of 16 main agents, in the provisioned CHARTER.md. The last revision the smoke arms received.","smoke workspaces at provisioning 2026-08-26T13:33:22 KST (commit 27bbd87, 13:27:44 KST, 5 min 38 s earlier); main workspaces at provisioning — rep01 2026-08-29T14:07:04 KST, rep02-rep17 2026-08-29T19:15:15-19:20:42 KST",prereg/charter_revisions.md:310
Rev 13,2026-08-28,§5 main horizon 14 → 10 days; §4 main tokens 57 M → 40 M; compute and G7 reconfirmed,"**Authority:** PI ruling, pre-seal, on cost and smoke-burn evidence. Frozen at seal.",pre-seal,"16 of 16 main agents (both arms), in the provisioned CHARTER.md; 0 of 2 smoke agents","committed 2026-08-28T07:26:26 KST (d77614e), after the smoke launched and before main provisioning; main workspaces at provisioning — rep01 2026-08-29T14:07:04 KST, rep02-rep17 2026-08-29T19:15:15-19:20:42 KST",prereg/charter_revisions.md:364
Rev 14,2026-08-28,§4 main concurrency cap 8 → 12 (Flag H ruled),"**Authority:** PI ruling. **Raised by:** Bei at Rev 13, as Flag H.",pre-seal,"16 of 16 main agents (both arms), in the provisioned CHARTER.md; 0 of 2 smoke agents","committed 2026-08-28T07:45:03 KST (544a4d9); main workspaces at provisioning — rep01 2026-08-29T14:07:04 KST, rep02-rep17 2026-08-29T19:15:15-19:20:42 KST",prereg/charter_revisions.md:489
Rev 15,2026-08-28,§7 names the final report file; main run goes headless,**Authority:** PI ruling. Both from SI-010 and SI-006 respectively.,pre-seal,"16 of 16 main agents (both arms), in the provisioned CHARTER.md; 0 of 2 smoke agents","committed 2026-08-28T08:27:42 KST (7876071); main workspaces at provisioning — rep01 2026-08-29T14:07:04 KST, rep02-rep17 2026-08-29T19:15:15-19:20:42 KST",prereg/charter_revisions.md:547
Rev 16,2026-08-28,main-run benchmark is the full CoRE MOF 2024 database; §4 main tokens 40 M → 45 M; trap vocabulary retired,"**Authority:** PI rulings 1 and 2, batched 2026-08-28 17:25 KST, with the smoke untouched and still running to its 2026-08-29 09:00 KST deadline.",pre-seal,"16 of 16 main agents (both arms), in the provisioned CHARTER.md; 0 of 2 smoke agents","committed 2026-08-28T17:32:41 KST (356327a), smoke deliberately left untouched and still running to its 2026-08-29 09:00 KST bell; main workspaces at provisioning — rep01 2026-08-29T14:07:04 KST, rep02-rep17 2026-08-29T19:15:15-19:20:42 KST",prereg/charter_revisions.md:582
Rev 17,2026-08-28,§1/§4 database size and naive cost rendered per phase; four rulings received,"**Authority:** PI, 2026-08-28, second batch. Push repaired and confirmed at 016cdad before this was written; all seven commits are banked.",pre-seal,"16 of 16 main agents (both arms), in the provisioned CHARTER.md; 0 of 2 smoke agents","committed 2026-08-28T17:48:25 KST (db78835); main workspaces at provisioning — rep01 2026-08-29T14:07:04 KST, rep02-rep17 2026-08-29T19:15:15-19:20:42 KST",prereg/charter_revisions.md:687
Rev 18,2026-08-29,Appendix A G4 rewritten adsorbate-aware; `[CHARTER-READ]` promoted into §6,"**PI ruling, 2026-08-29, chemistry-reviewed. Seal-queue Q0, executed first, ahead of Q1.** Proposal and machine-generated diff: `prereg/G4_v1.0_PROPOSED.md`. Specimen: **SI-015**.",pre-seal,"16 of 16 main agents (both arms), in the provisioned CHARTER.md; 0 of 2 smoke agents","committed 2026-08-29T10:09:37 KST (b0c96c2); main workspaces at provisioning — rep01 2026-08-29T14:07:04 KST, rep02-rep17 2026-08-29T19:15:15-19:20:42 KST",prereg/charter_revisions.md:767
Rev 19,2026-08-29,"world frozen at N = 12,499; budget, §2, §5 and §8","**PI rulings, 2026-08-29.** Applied together because they are the pre-seal batch: the world ruling closed Q1, Q2's arithmetic landed inside a pre-ratified envelope, and three charter defects surfaced by the smoke were repaired in the same pass. Full machine-generated diff: **`prereg/charter_v1.0_ASSEMBLY.diff`** (8 hunks, +50 / −9), which also carries Rev 18.",pre-seal,"16 of 16 main agents (both arms), in the provisioned CHARTER.md; 0 of 2 smoke agents","committed 2026-08-29T12:02:44 KST (99c77bf); main workspaces at provisioning — rep01 2026-08-29T14:07:04 KST, rep02-rep17 2026-08-29T19:15:15-19:20:42 KST",prereg/charter_revisions.md:862
Rev 20,2026-08-29,7-day main horizon; budgets re-derived pro-rata; spend budget added,"**RATIFIED by the PI on the returned diff (`prereg/charter_rev20.diff`, 3 hunks, +19 / −8).** **Nothing renders to workspaces yet** — the seal commit follows the dossier sitting and rubric ratification.",pre-seal,"16 of 16 main agents (both arms), in the provisioned CHARTER.md; 0 of 2 smoke agents","committed 2026-08-29T12:51:08 KST (7623ff0); main workspaces at provisioning — rep01 2026-08-29T14:07:04 KST, rep02-rep17 2026-08-29T19:15:15-19:20:42 KST",prereg/charter_revisions.md:931
Rev 21,2026-08-29,"two G3 clarifications, both from rep01 escalations","**Amendment to the compute meter, filed with SI-021 attached (PI, 2026-08-29).** Enforcement of the §4 compute cap becomes two-tier. The **hard stop keeps its ratified basis** — finished-job CPU-h, the validated meter — so the cap's threshold is unchanged. What changes is that the meter may no longer report `OK` on absent data: **warnings and the displayed total include the scheduler's in-flight estimate**, rendered as *""N jobs running, ~X CPU-h unaccounted""*, and a replicate with jobs in flight is never shown as `OK`. This restores the cap's intent rather than altering it: before the amendment, `cpu_h` defaulted to `0` whenever no job had yet finished, and the watchdog printed `compute 0.0 / 1610 (0.0%) OK` against 112 CPU-h of scheduler-basis burn.","post-seal (seal c67fff5, 2026-08-29T13:56:43 KST)","15 of 16 in the provisioned CHARTER.md (rep02-rep17, both arms). rep01 was already provisioned and launched, so it received the text as an INBOX charter notice and its CHARTER.md carried it only two days later.","committed 2026-08-29T18:38:02 KST (1d39111), 37 min before wave provisioning began, so rep02-rep17 hold it from provisioning; rep01 INBOX notice 2026-08-30T02:42:52Z; rep01 CHARTER.md corrected 2026-08-30T19:24:32Z",prereg/charter_revisions.md:965
Rev 22,2026-08-29,"§3 pinned-file rule split out of the G3 gate; §4 gains ""Cost mechanics and discipline""","**Authority:** PI ruling, 2026-08-29. **Written up:** 2026-08-30, from the charter's own revision rows (`prereg/charter_v0.9.md`), under PI authorization on REPORT 003 — this is documentation of ratified history, not a charter edit. Both charter rows and both rendered sections predate this write-up and are unchanged by it.",post-seal,"15 of 16 by re-render into the wave workspaces (rep02-rep17, both arms, byte-identical common core). rep01 by INBOX chartered notice only; its CHARTER.md did not carry the clauses until 2026-08-30.","re-rendered and committed 2026-08-29T19:30:25 KST (60a7fec), 9 min 43 s after wave provisioning ended and 10 min 31 s before the first wave-2 launch; rep01 INBOX notice dated 2026-08-29; rep01 CHARTER.md corrected 2026-08-30T19:24:32Z",prereg/charter_revisions.md:996
Rev 23,2026-08-29,"§4 gains ""Context hygiene"", both arms identically","**Authority:** PI ruling, 2026-08-29. **Written up:** 2026-08-30, as for Rev 22.",post-seal,"15 of 16 by re-render into the wave workspaces (rep02-rep17, both arms). rep01 by INBOX chartered notice only; its CHARTER.md did not carry the clause until 2026-08-30.","re-rendered and committed 2026-08-29T19:40:44 KST (521a2f6), 12 s before the first wave-2 launch and 61 min before wave 3; rep01 INBOX notice dated 2026-08-29; rep01 CHARTER.md corrected 2026-08-30T19:24:32Z",prereg/charter_revisions.md:1044
Rev 24,2026-08-31,"§5 gains ""Endgame and the spend warning"", both arms identically","NO NARRATIVE SECTION EXISTS. prereg/charter_revisions.md goes Rev 23 -> Rev 25 and has no Rev 24 entry. Attribution is the charter's own revision row (`| 2026-08-31 | §5 | **Rev 24 — ""Endgame and the spend warning"" added to the common core**, both arms identically ... | PI |`) together with REPORT 007 §2, *""The clause is in §5 of the common core, verbatim as ruled, with a revision row""*, ruled by the PI on REPORT 006. REPORT 056 §4 traces the question to smoke entry s02 `LOG.md:269` (§4 vs §3 conflict), *""ruled on REPORT 006 and not attributed to it""*.",post-seal,"16 of 16 in CHARTER.md and 16 of 16 by INBOX notice. 15 by `rerender_charter.py` after a per-replicate live-versus-rendered diff confirmed the delta was exactly Rev 24; rep01 was PATCHED onto its own live text instead, because a re-render would have carried the then-unruled Rev 21-23 into a live campaign mid-flight.",INBOX notice 2026-08-30T18:59:24Z (2026-08-31 03:59:24 KST) to all sixteen; charter render executed 03:45-04:15 KST and committed 2026-08-31T04:14:04 KST (4d941e6),prereg/charter_v0.9.md:245 (revision row); reports/REPORTS.md:1263 (REPORT 007 §2); reports/REPORTS.md:7732 (REPORT 056 §4)
Rev 25,2026-08-31,"§4 Context hygiene: compaction required on the condition, not on the boundary","**Authority:** PI ruling on REPORT 008, 2026-08-31: *""compaction requirement sharpened, uniform notice: Rev 23's compaction now also required whenever accumulated context materially exceeds current needs (guideline: transcript > ~1.5 MB), not only at phase boundaries — the record is the continuity, sessions are disposable.""*",post-seal,"15 of 16 — all live charters, arm split verified on the cluster. rep17 received NEITHER the charter text nor the notice: it had filed under §5 and been closed 2026-08-30T19:59:34Z, 9 min 44 s before the notice went out, and a closed campaign is not sent amendments it will never act on.","INBOX notice 2026-08-30T20:09:18Z (2026-08-31 05:09:18 KST); charter rendered into all 15 live workspaces the same pass (REPORT 008 ruling 2, executed 2026-08-31)",prereg/charter_revisions.md:1080
