# Descriptor tail for the Figure 4 interim plan. FROM BENCHMARK PROPERTIES ONLY; no answer-key input. Rule: population = the 9,167 coordinate-distinct representatives (lexicographically first coreid per group, benchmark/frozen/coord_keys.json), minus the 6 sealed exclusion-set structures; take the 1,000 highest helium void fraction (vf_he), then add every remaining structure with largest cavity diameter d_max > 15 Angstrom. Descriptors from /home1/users/Bei/recon/out/c00-c39.csv (geom.py: vf_he = fraction of cell where a He probe centre fits; d_max = 2*max min_i(|r-r_i|-sigma_i/2)). RECORDED BEFORE ANY RUN. Skip this line.
n,structure_id,vf_he,d_max,selected_by
1,0000[Cd][nan]3[ASR]6,0.337075,8.54137,vf_he_top1000
2,0000[Cd][nbo]3[ASR]1,0.352773,10.3778,vf_he_top1000
3,0000[Co][nan]3[ASR]14,0.351111,11.0718,vf_he_top1000
4,0000[Co][rho]3[ASR]1,0.350908,16,vf_he_top1000
5,0000[CuZr][flu]3[ASR]1,0.354532,9.59213,vf_he_top1000
6,0000[Cu][tbo]3[ASR]1,0.80881,16,vf_he_top1000
7,0000[Cu][tbo]3[ASR]2,0.36694,12.5421,vf_he_top1000
8,0000[DyCu][sqc]3[ASR]1,0.364758,9.59196,vf_he_top1000
9,0000[Er][lcy]3[ASR]1,0.40065,11.9305,vf_he_top1000
10,0000[Er][nan]3[ASR]1,0.404514,10.0891,vf_he_top1000
11,0000[Fe][acs]3[ASR]1,0.356513,8.35062,vf_he_top1000
12,0000[Fe][acs]3[ASR]2,0.356433,8.42941,vf_he_top1000
13,0000[Fe][nbo]3[ASR]1,0.662698,16,vf_he_top1000
14,0000[Gd][nan]3[ASR]1,0.367543,10.1677,vf_he_top1000
15,0000[Ho][nan]3[ASR]1,0.354535,9.56527,vf_he_top1000
16,0000[Lu][lcy]3[ASR]1,0.391296,12.387,vf_he_top1000
17,0000[Mn][fns]3[ASR]1,0.399704,11.8768,vf_he_top1000
18,0000[U][bcu]3[ASR]1,0.463085,14.0882,vf_he_top1000
19,0000[ZnCd][nan]3[ASR]1,0.340593,8.60931,vf_he_top1000
20,0000[Zn][ith]3[ASR]1,0.396484,14.9721,vf_he_top1000
21,0000[Zn][nts]3[ASR]1,0.541601,16,vf_he_top1000
22,0000[Zn][pcu]3[ASR]4,0.317117,8.2051,vf_he_top1000
23,0000[Zr][bcu]3[ASR]1,0.572113,13.548,vf_he_top1000
24,1995[Ag][nan]3[ION]1,0.331791,11.6051,vf_he_top1000
25,2000[Zn][pts]3[ASR]1,0.356186,10.1464,vf_he_top1000
26,2001[Cd][lvt]3[ASR]1,0.450454,9.29578,vf_he_top1000
27,2001[Cu][nan]3[ASR]2,0.341052,15.795,vf_he_top1000
28,2001[Cu][nan]3[ASR]3,0.341052,15.795,vf_he_top1000
29,2001[La][noz]3[ION]1,0.372142,8.20149,vf_he_top1000
30,2001[Zn][nia]3[ASR]1,0.436478,10.1203,vf_he_top1000
31,2002[Ce][pcu]3[ASR]1,0.338196,8.0737,vf_he_top1000
32,2002[Eu][pcu]3[ASR]1,0.334626,8.09928,vf_he_top1000
33,2002[Tb][pcu]3[ASR]1,0.336258,8.05161,vf_he_top1000
34,2002[Zn][pcu]3[ASR]1,0.507378,14.4508,vf_he_top1000
35,2002[Zn][pcu]3[ASR]2,0.375483,14.435,vf_he_top1000
36,2002[Zn][pcu]3[ASR]3,0.646244,16,vf_he_top1000
37,2002[Zn][pcu]3[ASR]4,0.765932,16,vf_he_top1000
38,2003[Ni][tfz]3[ASR]1,0.486746,14.7029,vf_he_top1000
39,2004[Cr][flu]3[ASR]1,0.519145,16,vf_he_top1000
40,2004[Cr][reo]3[ASR]1,0.494322,16,vf_he_top1000
41,2004[Cu][dia]3[ASR]4,0.334562,7.07971,vf_he_top1000
42,2004[Yb][sxd]3[ION]1,0.336508,11.8178,vf_he_top1000
43,2005[Co][nan]3[ASR]3,0.356444,11.7267,vf_he_top1000
44,2005[Cr][mtn]3[ASR]1,0.618916,16,vf_he_top1000
45,2005[Cu][lvt]3[ASR]1,0.527951,11.6101,vf_he_top1000
46,2005[Cu][pts]3[ASR]2,0.529686,10.2569,vf_he_top1000
47,2005[Er][nan]3[ASR]3,0.332674,10.4991,vf_he_top1000
48,2005[Ho][nan]3[ASR]1,0.333403,10.4438,vf_he_top1000
49,2005[Tb][nan]3[ASR]3,0.335352,10.3746,vf_he_top1000
50,2005[Y][nan]3[ASR]1,0.328711,10.3662,vf_he_top1000
51,2005[Zn][nan]3[ASR]3,0.356444,11.5277,vf_he_top1000
52,2005[Zn][pcu]3[ASR]4,0.506768,14.4876,vf_he_top1000
53,2005[Zn][pcu]3[ASR]5,0.506768,14.4842,vf_he_top1000
54,2005[Zn][pcu]3[ASR]6,0.505547,14.4649,vf_he_top1000
55,2005[Zn][pcu]3[ASR]7,0.505547,14.4773,vf_he_top1000
56,2005[Zn][pcu]3[ASR]8,0.506768,14.4903,vf_he_top1000
57,2005[Zn][pcu]3[ASR]9,0.507378,14.4979,vf_he_top1000
58,2006[Mn][nan]3[ASR]2,0.451524,13.7,vf_he_top1000
59,2006[Nd][nan]3[ASR]1,0.383817,9.42234,vf_he_top1000
60,2006[Zn][cml]3[ASR]1,0.374827,12.3724,vf_he_top1000
61,2006[Zn][pcu]3[ASR]1,0.500662,14.485,vf_he_top1000
62,2006[Zn][pcu]3[ASR]7,0.501272,14.4827,vf_he_top1000
63,2006[Zn][pcu]3[ASR]8,0.501883,14.4667,vf_he_top1000
64,2006[Zn][pcu]3[ASR]9,0.605373,16,vf_he_top1000
65,2007[Cd][nan]3[ASR]3,0.502861,16,vf_he_top1000
66,2007[CuMn][pcu]3[ASR]1,0.362459,7.1985,vf_he_top1000
67,2007[CuMn][pcu]3[ASR]2,0.363589,7.20041,vf_he_top1000
68,2007[Cu][tbo]3[ASR]1,0.715211,16,vf_he_top1000
69,2007[Cu][tbo]3[ASR]2,0.772596,16,vf_he_top1000
70,2007[Cu][the]3[ION]1,0.58018,16,vf_he_top1000
71,2007[Eu][pcu]3[ASR]1,0.316458,8.01204,vf_he_top1000
72,2007[Fe][tbo]3[ASR]1,0.370076,12.7202,vf_he_top1000
73,2007[Mn][the]3[ION]1,0.355922,16,vf_he_top1000
74,2007[Zn][pcu]3[ASR]3,0.510432,14.4188,vf_he_top1000
75,2007[Zn][rob]3[ASR]1,0.426615,9.36558,vf_he_top1000
76,2008[Cd][rho]3[ASR]1,0.314128,16,vf_he_top1000
77,2008[Cd][rho]3[ASR]2,0.311957,16,d_max>15
78,2008[Cd][rho]3[FSR]2,0.311957,16,d_max>15
79,2008[Co][nan]3[ASR]2,0.345778,11.3999,vf_he_top1000
80,2008[Co][pts]3[ASR]1,0.323276,9.29028,vf_he_top1000
81,2008[CuW][acs]3[ASR]1,0.315775,8.06726,vf_he_top1000
82,2008[Cu][nbo]3[ASR]1,0.440121,14.949,vf_he_top1000
83,2008[Cu][nbo]3[ASR]2,0.414646,15.8056,vf_he_top1000
84,2008[Cu][snz]3[ASR]1,0.352554,14.6768,vf_he_top1000
85,2008[Cu][ssa]3[ASR]1,0.315178,9.07045,vf_he_top1000
86,2008[Ga][nan]3[ASR]1,0.328098,13.9969,vf_he_top1000
87,2008[In][nan]3[ASR]1,0.349707,14.1588,vf_he_top1000
88,2008[In][nan]3[FSR]1,0.354075,14.1588,vf_he_top1000
89,2008[Ni][nan]3[ASR]3,0.358222,11.4429,vf_he_top1000
90,2008[ZnPd][nan]3[ASR]1,0.38797,8.66247,vf_he_top1000
91,2008[Zn][ant]3[ASR]1,0.37701,10.4926,vf_he_top1000
92,2008[Zn][nan]3[ASR]14,0.344023,11.1405,vf_he_top1000
93,2008[Zn][nan]3[ASR]15,0.354667,11.775,vf_he_top1000
94,2008[Zn][nan]3[ASR]16,0.342222,11.3496,vf_he_top1000
95,2008[Zn][nan]3[ASR]20,0.356444,11.633,vf_he_top1000
96,2008[Zn][pcu]3[ASR]3,0.363282,10.0822,vf_he_top1000
97,2009[Cd][rho]3[ASR]1,0.3852,16,vf_he_top1000
98,2009[Cu][nbo]3[ASR]1,0.41085,11.6976,vf_he_top1000
99,2009[Cu][nbo]3[ASR]2,0.347821,11.7346,vf_he_top1000
100,2009[Cu][nbo]3[ASR]3,0.408298,10.8443,vf_he_top1000
101,2009[Cu][pts]3[ASR]2,0.584473,10.7262,vf_he_top1000
102,2009[Cu][tbo]3[ASR]1,0.572085,16,vf_he_top1000
103,2009[Cu][tbo]3[ASR]3,0.367494,12.3352,vf_he_top1000
104,2009[Cu][tbo]3[ASR]4,0.368105,12.3393,vf_he_top1000
105,2009[Cu][tbo]3[ASR]5,0.36841,12.3579,vf_he_top1000
106,2009[Cu][tbo]3[ASR]6,0.369632,12.3511,vf_he_top1000
107,2009[Cu][tbo]3[ASR]7,0.368105,12.3305,vf_he_top1000
108,2009[Cu][tbo]3[ASR]8,0.362304,12.4124,vf_he_top1000
109,2009[Cu][tbo]3[ASR]9,0.361083,12.4015,vf_he_top1000
110,2009[Cu][tbo]3[FSR]5,0.361083,12.4015,vf_he_top1000
111,2009[In][rho]3[ASR]1,0.286624,16,d_max>15
112,2009[Mg][lvt]3[ASR]1,0.321814,10.1008,vf_he_top1000
113,2009[Mg][nan]3[ASR]1,0.344222,11.3943,vf_he_top1000
114,2009[Yb][nan]3[ASR]1,0.413647,15.9015,vf_he_top1000
115,2009[ZnSi][pcu]3[ASR]3,0.371255,10.3572,vf_he_top1000
116,2009[Zn][nts]3[ASR]1,0.492688,16,vf_he_top1000
117,2009[Zn][pcu]3[ASR]10,0.452803,12.9469,vf_he_top1000
118,2009[Zn][sqp]3[ASR]1,0.522135,13.8037,vf_he_top1000
119,2010[Ce][pcu]3[ASR]1,0.619693,16,vf_he_top1000
120,2010[Co][lvt]3[ASR]1,0.610976,14.0608,vf_he_top1000
121,2010[Co][nan]3[ASR]3,0.351111,11.5107,vf_he_top1000
122,2010[Co][nts]3[ASR]1,0.462467,16,vf_he_top1000
123,2010[Cr][tbo]3[ASR]2,0.351923,12.3405,vf_he_top1000
124,2010[CuCo][agw]3[ASR]1,0.468322,13.26,vf_he_top1000
125,2010[CuSi][pts]3[ASR]1,0.452003,9.00147,vf_he_top1000
126,2010[Cu][lvt]3[ASR]3,0.608085,14.0276,vf_he_top1000
127,2010[Cu][nan]3[ASR]1,0.444787,11.211,vf_he_top1000
128,2010[Cu][nan]3[ASR]37,0.588058,16,vf_he_top1000
129,2010[Cu][nbo]3[ASR]2,0.461892,11.7291,vf_he_top1000
130,2010[Cu][nbo]3[ASR]3,0.406294,10.8365,vf_he_top1000
131,2010[Cu][nia]3[ASR]1,0.37263,11.7794,vf_he_top1000
132,2010[Cu][nts]3[ASR]1,0.680079,16,vf_he_top1000
133,2010[Cu][nts]3[ASR]2,0.602398,16,vf_he_top1000
134,2010[Cu][ssa]3[ASR]1,0.321547,9.45899,vf_he_top1000
135,2010[Cu][tbo]3[ASR]1,0.371769,12.3932,vf_he_top1000
136,2010[Cu][tbo]3[ASR]2,0.371158,12.4029,vf_he_top1000
137,2010[Cu][wbl]3[ASR]1,0.591518,11.8612,vf_he_top1000
138,2010[Cu][wbl]3[ASR]2,0.645479,13.6886,vf_he_top1000
139,2010[Cu][wbl]3[ASR]3,0.80267,16,vf_he_top1000
140,2010[Dy][pcu]3[ASR]1,0.331876,7.87516,vf_he_top1000
141,2010[Eu][pcu]3[ASR]1,0.437404,7.9954,vf_he_top1000
142,2010[Fe][the]3[ASR]1,0.422633,14.8812,vf_he_top1000
143,2010[MnCr][nod]3[ASR]1,0.469003,9.13699,vf_he_top1000
144,2010[Mn][nan]3[ASR]10,0.340667,11.5977,vf_he_top1000
145,2010[Zn][lvt]3[ASR]1,0.613951,14.2359,vf_he_top1000
146,2010[Zn][lvt]3[ASR]2,0.62785,15.0714,vf_he_top1000
147,2010[Zn][lvt]3[ASR]3,0.610892,14.1087,vf_he_top1000
148,2010[Zn][pts]3[ASR]4,0.615385,13.8797,vf_he_top1000
149,2010[Zn][pyr]3[ASR]1,0.573941,13.1969,vf_he_top1000
150,2010[Zn][rtl]3[ASR]1,0.406586,9.50868,vf_he_top1000
151,2010[Zn][unc]3[ASR]2,0.325285,11.8654,vf_he_top1000
152,2011[Cd][scu]3[ASR]1,0.338648,10.4911,vf_he_top1000
153,2011[Cd][zzz]3[ASR]1,0.426824,12.302,vf_he_top1000
154,2011[CuMo][ths]3[ASR]1,0.380784,10.8824,vf_he_top1000
155,2011[CuW][ths]3[ASR]1,0.379986,11.1925,vf_he_top1000
156,2011[Cu][nts]3[ASR]1,0.467516,16,vf_he_top1000
157,2011[Cu][nts]3[ASR]2,0.372839,15.9934,vf_he_top1000
158,2011[Cu][pto]3[ASR]1,0.634913,16,vf_he_top1000
159,2011[Cu][scu]3[ASR]1,0.413178,13.4747,vf_he_top1000
160,2011[Cu][scu]3[ASR]2,0.39489,11.7516,vf_he_top1000
161,2011[Eu][pcu]3[ASR]1,0.381569,7.97576,vf_he_top1000
162,2011[Mn][zzz]3[ASR]1,0.418783,12.1548,vf_he_top1000
163,2011[Ni][nan]3[ASR]1,0.378825,13.2517,vf_he_top1000
164,2011[U][gfy]3[ASR]1,0.368967,12.6407,vf_he_top1000
165,2011[U][gfy]3[FSR]1,0.315236,10.302,vf_he_top1000
166,2011[Yb][nan]3[ASR]2,0.332874,8.66476,vf_he_top1000
167,2011[Zn][muo]3[ASR]1,0.572156,16,vf_he_top1000
168,2011[Zn][nan]3[ASR]10,0.351023,12.1741,vf_he_top1000
169,2011[Zn][nan]3[ASR]11,0.350883,12.259,vf_he_top1000
170,2011[Zn][nan]3[ASR]20,0.337912,9.29091,vf_he_top1000
171,2011[Zn][pcu]3[ASR]8,0.496619,14.8604,vf_he_top1000
172,2011[Zn][pcu]3[FSR]8,0.529733,14.8604,vf_he_top1000
173,2011[Zr][fcu]3[ASR]1,0.478778,16,vf_he_top1000
174,2012[Ag][srs]3[ASR]1,0.369873,10.0729,vf_he_top1000
175,2012[Ag][srs]3[ASR]2,0.350562,9.8568,vf_he_top1000
176,2012[Ag][srs]3[ASR]3,0.351359,9.79282,vf_he_top1000
177,2012[Cd][ins]3[ASR]1,0.35017,8.58079,vf_he_top1000
178,2012[Cd][rtl]3[ASR]1,0.394098,9.50102,vf_he_top1000
179,2012[Co][lon]3[FSR]1,0.349735,8.03197,vf_he_top1000
180,2012[Co][nan]3[ASR]13,0.348583,9.88477,vf_he_top1000
181,2012[Co][nan]3[ASR]6,0.352987,8.73588,vf_he_top1000
182,2012[Co][nan]3[ASR]8,0.356444,11.6611,vf_he_top1000
183,2012[Co][scu]3[ASR]1,0.341425,9.52128,vf_he_top1000
184,2012[Co][tsn]3[ASR]1,0.318007,9.50714,vf_he_top1000
185,2012[Co][tsn]3[ASR]2,0.314068,9.67482,vf_he_top1000
186,2012[Cu][ith]3[ASR]1,0.541889,16,vf_he_top1000
187,2012[Cu][nan]3[ASR]1,0.431694,12.2027,vf_he_top1000
188,2012[Cu][nan]3[ASR]2,0.387124,15.7673,vf_he_top1000
189,2012[Cu][nbo]3[ASR]1,0.494251,12.4498,vf_he_top1000
190,2012[Cu][nbo]3[ASR]2,0.394584,15.1488,vf_he_top1000
191,2012[Cu][nts]3[ASR]1,0.445156,16,vf_he_top1000
192,2012[Cu][nts]3[ASR]2,0.714055,16,vf_he_top1000
193,2012[Cu][nts]3[ASR]4,0.3682,15.7055,vf_he_top1000
194,2012[Cu][ntt]3[ASR]1,0.655652,16,vf_he_top1000
195,2012[Cu][pto]3[ASR]1,0.50899,14.8693,vf_he_top1000
196,2012[Cu][rhr]3[ASR]1,0.384948,12.7205,vf_he_top1000
197,2012[Cu][scu]3[ASR]1,0.337227,10.4453,vf_he_top1000
198,2012[Cu][scu]3[ASR]2,0.462209,15.0253,vf_he_top1000
199,2012[Cu][tbo]3[ASR]1,0.633935,16,vf_he_top1000
200,2012[Cu][tbo]3[ASR]2,0.370853,12.3647,vf_he_top1000
201,2012[Cu][tbo]3[ASR]3,0.3678,12.3448,vf_he_top1000
202,2012[Cu][tbo]3[ASR]4,0.371463,12.3362,vf_he_top1000
203,2012[Cu][tbo]3[ASR]5,0.3678,12.3212,vf_he_top1000
204,2012[Cu][tbo]3[ASR]6,0.357419,12.1061,vf_he_top1000
205,2012[Cu][tbo]3[ASR]7,0.367189,12.2709,vf_he_top1000
206,2012[Cu][tbo]3[ASR]8,0.370242,12.3246,vf_he_top1000
207,2012[Cu][tbo]3[ASR]9,0.372685,12.3895,vf_he_top1000
208,2012[Cu][twf]3[ASR]1,0.348225,9.37774,vf_he_top1000
209,2012[Cu][twf]3[ASR]2,0.336588,9.0091,vf_he_top1000
210,2012[Cu][wbl]3[ASR]1,0.691473,16,vf_he_top1000
211,2012[FeZr][csq]3[ASR]1,0.615818,16,vf_he_top1000
212,2012[FeZr][csq]3[ASR]2,0.604907,16,vf_he_top1000
213,2012[FeZr][csq]3[FSR]1,0.578997,16,vf_he_top1000
214,2012[Fe][acs]3[ASR]1,0.363936,8.3215,vf_he_top1000
215,2012[Fe][nan]3[ASR]7,0.36,11.6331,vf_he_top1000
216,2012[Hf][reo]3[ASR]1,0.591194,16,vf_he_top1000
217,2012[InMg][nan]3[ASR]1,0.49624,16,vf_he_top1000
218,2012[Mg][nan]3[ASR]2,0.505778,16,vf_he_top1000
219,2012[MnNaCu][nan]3[ION]1,0.413014,13.2853,vf_he_top1000
220,2012[MnNaCu][nan]3[ION]2,0.383333,16,vf_he_top1000
221,2012[Mn][nan]3[ASR]5,0.354667,11.7672,vf_he_top1000
222,2012[NdIn][nan]3[ION]1,0.411529,9.70676,vf_he_top1000
223,2012[Ni][nan]3[ASR]3,0.354667,11.6078,vf_he_top1000
224,2012[Zn][flu]3[ASR]1,0.378839,11.4383,vf_he_top1000
225,2012[Zn][nan]3[ASR]12,0.351111,11.4417,vf_he_top1000
226,2012[Zn][nan]3[ASR]14,0.349312,9.42505,vf_he_top1000
227,2012[Zn][nan]3[ASR]15,0.365755,9.53116,vf_he_top1000
228,2012[Zn][nan]3[ASR]29,0.333993,7.48756,vf_he_top1000
229,2012[Zn][nan]3[ASR]30,0.370976,9.06263,vf_he_top1000
230,2012[Zn][nan]3[ASR]37,0.52962,16,vf_he_top1000
231,2012[Zn][nan]3[ASR]5,0.398219,12.6128,vf_he_top1000
232,2012[Zn][nan]3[ASR]6,0.34222,11.0985,vf_he_top1000
233,2012[Zn][nan]3[ASR]9,0.52962,16,vf_he_top1000
234,2012[Zn][nbo]3[ASR]1,0.415811,10.5887,vf_he_top1000
235,2012[Zn][nbo]3[ASR]2,0.399783,11.9428,vf_he_top1000
236,2012[Zn][nts]3[ASR]1,0.447918,16,vf_he_top1000
237,2012[Zn][pcu]3[ASR]11,0.505547,14.4528,vf_he_top1000
238,2012[Zn][pcu]3[ASR]12,0.335923,8.99243,vf_he_top1000
239,2012[Zn][pcu]3[ASR]18,0.643167,16,vf_he_top1000
240,2012[Zn][pcu]3[ASR]4,0.548387,15.4845,vf_he_top1000
241,2012[Zn][pcu]3[ASR]8,0.453227,12.4369,vf_he_top1000
242,2012[Zn][scu]3[ASR]1,0.349099,10.7367,vf_he_top1000
243,2012[Zn][scu]3[ASR]2,0.344257,10.5333,vf_he_top1000
244,2012[Zn][scu]3[ASR]3,0.348012,10.8033,vf_he_top1000
245,2012[Zn][scu]3[ASR]4,0.348398,11.0365,vf_he_top1000
246,2012[Zn][srs]3[ASR]2,0.436214,8.36965,vf_he_top1000
247,2012[Zn][tbo]3[ASR]1,0.384163,13.3355,vf_he_top1000
248,2012[Zr][reo]3[ASR]1,0.589713,16,vf_he_top1000
249,2013[Cd][nan]3[ASR]5,0.321843,7.607,vf_he_top1000
250,2013[Cd][rtl]3[ASR]2,0.412559,9.53442,vf_he_top1000
251,2013[Co][cml]3[ASR]1,0.324145,8.81563,vf_he_top1000
252,2013[Co][the]3[ASR]1,0.300301,16,d_max>15
253,2013[CrMn][lig]3[ASR]1,0.389356,9.65947,vf_he_top1000
254,2013[CrZn][lon]3[FSR]1,0.40851,11.0413,vf_he_top1000
255,2013[CuMn][nan]3[ASR]1,0.426043,10.4902,vf_he_top1000
256,2013[Cu][lvt]3[ASR]1,0.341599,11.5596,vf_he_top1000
257,2013[Cu][nan]3[ASR]1,0.440716,12.1742,vf_he_top1000
258,2013[Cu][nan]3[ASR]12,0.394867,8.75262,vf_he_top1000
259,2013[Cu][nan]3[ASR]7,0.33965,11.2671,vf_he_top1000
260,2013[Cu][nan]3[ASR]9,0.438862,13.6642,vf_he_top1000
261,2013[Cu][nbo]3[ASR]6,0.316863,10.6672,vf_he_top1000
262,2013[Cu][nts]3[ASR]1,0.469375,16,vf_he_top1000
263,2013[Cu][pto]3[ASR]1,0.496873,16,vf_he_top1000
264,2013[Cu][pto]3[ASR]2,0.521278,16,vf_he_top1000
265,2013[Cu][pts]3[ASR]5,0.396745,9.02441,vf_he_top1000
266,2013[Cu][tbo]3[ASR]1,0.380012,12.4283,vf_he_top1000
267,2013[Cu][tbo]3[ASR]2,0.366578,12.3328,vf_he_top1000
268,2013[Cu][tbo]3[ASR]3,0.368105,12.3343,vf_he_top1000
269,2013[Cu][tbo]3[ASR]4,0.369937,12.3349,vf_he_top1000
270,2013[Cu][ubt]3[ASR]1,0.426604,16,vf_he_top1000
271,2013[Cu][ubt]3[ASR]2,0.578951,16,vf_he_top1000
272,2013[Hf][bcu]3[ASR]1,0.459101,11.2742,vf_he_top1000
273,2013[Hf][bcu]3[ASR]2,0.453471,10.6688,vf_he_top1000
274,2013[Hf][reo]3[ASR]1,0.444829,16,vf_he_top1000
275,2013[In][acs]3[ASR]1,0.634375,15.4354,vf_he_top1000
276,2013[Mn][pto]3[ASR]1,0.516385,16,vf_he_top1000
277,2013[Ni][nan]3[ASR]1,0.375407,14.7305,vf_he_top1000
278,2013[Ni][nia]3[ASR]1,0.522012,12.4459,vf_he_top1000
279,2013[SiCu][pcu]3[ASR]1,0.418083,11.7671,vf_he_top1000
280,2013[Tb][soc]3[ASR]1,0.50916,16,vf_he_top1000
281,2013[Tb][umc]3[ASR]1,0.4476,10.1214,vf_he_top1000
282,2013[Tb][umc]3[ASR]2,0.383245,9.20059,vf_he_top1000
283,2013[Yb][nia]3[ASR]1,0.538419,13.0644,vf_he_top1000
284,2013[ZnCr][lon]3[ASR]1,0.380182,11.4787,vf_he_top1000
285,2013[ZnCr][lon]3[ASR]2,0.459901,14.1194,vf_he_top1000
286,2013[ZnCr][lon]3[ASR]3,0.37662,10.865,vf_he_top1000
287,2013[ZnCr][lon]3[ASR]4,0.395289,11.8146,vf_he_top1000
288,2013[ZnCr][lon]3[ASR]5,0.366168,10.5825,vf_he_top1000
289,2013[ZnCr][lon]3[ASR]6,0.401936,10.7908,vf_he_top1000
290,2013[ZnCr][lon]3[ASR]7,0.362428,10.7974,vf_he_top1000
291,2013[ZnCr][lon]3[ASR]9,0.423046,11.4774,vf_he_top1000
292,2013[ZnGa][nan]3[ION]2,0.409286,16,vf_he_top1000
293,2013[ZnIn][nia]3[ASR]1,0.428519,12.1458,vf_he_top1000
294,2013[ZnSi][nan]3[ASR]1,0.42334,10.5634,vf_he_top1000
295,2013[ZnTi][nan]3[ASR]1,0.400372,12.0572,vf_he_top1000
296,2013[Zn][crs]3[ASR]1,0.321917,9.26752,vf_he_top1000
297,2013[Zn][esg]3[ASR]1,0.347206,9.67706,vf_he_top1000
298,2013[Zn][nan]3[ASR]6,0.368076,12.1732,vf_he_top1000
299,2013[Zn][nan]3[ASR]9,0.67659,16,vf_he_top1000
300,2013[Zn][nts]3[ASR]1,0.375008,15.8758,vf_he_top1000
301,2013[Zn][pbz]3[ASR]1,0.640347,16,vf_he_top1000
302,2013[Zn][pcu]3[ASR]15,0.58219,13.6662,vf_he_top1000
303,2013[Zn][pcu]3[ASR]5,0.489237,14.2448,vf_he_top1000
304,2013[Zn][pcu]3[ASR]6,0.498232,14.7828,vf_he_top1000
305,2013[Zn][pto]3[ASR]1,0.492037,16,vf_he_top1000
306,2013[Zr][flu]3[ASR]1,0.573505,16,vf_he_top1000
307,2013[Zr][reo]3[ASR]1,0.442748,16,vf_he_top1000
308,2013[Zr][reo]3[ASR]2,0.4451,16,vf_he_top1000
309,2013[Zr][reo]3[ASR]3,0.442929,16,vf_he_top1000
310,2013[Zr][sqc]3[ASR]1,0.403701,10.8184,vf_he_top1000
311,2014[Ag][mtn]3[ASR]2,0.323912,16,vf_he_top1000
312,2014[Co][nan]3[ASR]22,0.341333,10.8988,vf_he_top1000
313,2014[Co][nan]3[ASR]23,0.347556,11.0012,vf_he_top1000
314,2014[Co][nan]3[ASR]24,0.344,10.9214,vf_he_top1000
315,2014[Co][nan]3[ASR]25,0.349333,11.0951,vf_he_top1000
316,2014[Co][nan]3[ASR]26,0.347556,11.0348,vf_he_top1000
317,2014[Co][nan]3[ASR]27,0.351111,11.1281,vf_he_top1000
318,2014[Co][nan]3[ASR]28,0.341333,10.8588,vf_he_top1000
319,2014[Co][nan]3[ASR]6,0.354667,11.3966,vf_he_top1000
320,2014[Co][nan]3[ASR]7,0.356444,11.4184,vf_he_top1000
321,2014[Co][nan]3[ASR]8,0.358222,11.6503,vf_he_top1000
322,2014[Co][sra]3[ASR]1,0.399369,9.19618,vf_he_top1000
323,2014[Cu][lvt]3[ASR]1,0.419697,8.99222,vf_he_top1000
324,2014[Cu][nan]3[ASR]1,0.588256,16,vf_he_top1000
325,2014[Cu][nan]3[ASR]16,0.563418,16,vf_he_top1000
326,2014[Cu][nan]3[ASR]18,0.340373,15.8419,vf_he_top1000
327,2014[Cu][nan]3[ASR]19,0.339995,15.8354,vf_he_top1000
328,2014[Cu][nan]3[ASR]2,0.338906,7.99617,vf_he_top1000
329,2014[Cu][nan]3[ASR]20,0.339995,15.8325,vf_he_top1000
330,2014[Cu][nan]3[ASR]21,0.340222,15.8253,vf_he_top1000
331,2014[Cu][nan]3[ASR]22,0.340448,15.8138,vf_he_top1000
332,2014[Cu][nan]3[ASR]23,0.339995,15.8023,vf_he_top1000
333,2014[Cu][nan]3[ASR]24,0.339542,15.7932,vf_he_top1000
334,2014[Cu][nan]3[ASR]25,0.339467,15.7766,vf_he_top1000
335,2014[Cu][nan]3[ASR]26,0.338939,15.7588,vf_he_top1000
336,2014[Cu][nan]3[ASR]27,0.337958,15.7464,vf_he_top1000
337,2014[Cu][nan]3[ASR]28,0.336977,15.7239,vf_he_top1000
338,2014[Cu][nan]3[ASR]3,0.454565,14.9273,vf_he_top1000
339,2014[Cu][nan]3[ASR]4,0.337464,11.2024,vf_he_top1000
340,2014[Cu][nbo]3[ASR]2,0.379083,9.84867,vf_he_top1000
341,2014[Cu][nbo]3[ASR]4,0.421795,10.5013,vf_he_top1000
342,2014[Cu][nts]3[ASR]1,0.525103,16,vf_he_top1000
343,2014[Cu][nts]3[ASR]2,0.572571,16,vf_he_top1000
344,2014[Cu][ssb]3[ASR]1,0.414492,11.7554,vf_he_top1000
345,2014[Cu][tbo]3[ASR]1,0.368389,12.1626,vf_he_top1000
346,2014[Cu][tbo]3[ASR]10,0.369632,12.4277,vf_he_top1000
347,2014[Cu][tbo]3[ASR]11,0.36841,12.3398,vf_he_top1000
348,2014[Cu][tbo]3[ASR]12,0.370853,12.3494,vf_he_top1000
349,2014[Cu][tbo]3[ASR]13,0.370853,12.3576,vf_he_top1000
350,2014[Cu][tbo]3[ASR]2,0.57776,16,vf_he_top1000
351,2014[Cu][tbo]3[ASR]3,0.369021,12.4367,vf_he_top1000
352,2014[Cu][tbo]3[ASR]4,0.368069,12.6181,vf_he_top1000
353,2014[Cu][tbo]3[ASR]5,0.368069,12.53,vf_he_top1000
354,2014[Cu][tbo]3[ASR]6,0.367747,12.54,vf_he_top1000
355,2014[Cu][tbo]3[ASR]7,0.370853,12.3266,vf_he_top1000
356,2014[Cu][tbo]3[ASR]8,0.372074,12.3805,vf_he_top1000
357,2014[Cu][tbo]3[ASR]9,0.365968,12.3521,vf_he_top1000
358,2014[Dy][nan]3[ASR]1,0.319052,9.78058,vf_he_top1000
359,2014[Eu][nan]3[ASR]8,0.3334,10.3913,vf_he_top1000
360,2014[FeZr][soc]3[ASR]1,0.587017,16,vf_he_top1000
361,2014[Fe][nan]3[ASR]1,0.356444,11.5227,vf_he_top1000
362,2014[Fe][nan]3[ASR]10,0.347556,11.4068,vf_he_top1000
363,2014[Fe][nan]3[ASR]3,0.358222,11.4548,vf_he_top1000
364,2014[Fe][nan]3[ASR]4,0.36,11.4557,vf_he_top1000
365,2014[Fe][nan]3[ASR]6,0.577633,13.1572,vf_he_top1000
366,2014[Fe][nan]3[ASR]7,0.530214,12.2295,vf_he_top1000
367,2014[Fe][nan]3[ASR]8,0.427613,10.6433,vf_he_top1000
368,2014[Fe][nan]3[ASR]9,0.404667,12.7131,vf_he_top1000
369,2014[Gd][nan]3[ASR]2,0.331943,10.4372,vf_he_top1000
370,2014[In][nan]3[ASR]3,0.430065,12.9204,vf_he_top1000
371,2014[In][unc]3[ASR]1,0.376998,8.02055,vf_he_top1000
372,2014[Mn][nan]3[ASR]20,0.368391,13.413,vf_he_top1000
373,2014[Mn][nan]3[ASR]3,0.368889,11.6011,vf_he_top1000
374,2014[Mn][nan]3[ASR]7,0.347737,10.6835,vf_he_top1000
375,2014[Mn][nan]3[ASR]9,0.343621,10.5913,vf_he_top1000
376,2014[Ni][nan]3[ASR]4,0.343111,10.7996,vf_he_top1000
377,2014[Ni][nan]3[ASR]5,0.345778,10.9378,vf_he_top1000
378,2014[Zn][etf]3[ASR]1,0.383495,9.38967,vf_he_top1000
379,2014[Zn][nan]3[ASR]12,0.347156,8.00132,vf_he_top1000
380,2014[Zn][nan]3[ASR]5,0.354667,11.3967,vf_he_top1000
381,2014[Zn][nan]3[ASR]6,0.358222,11.4221,vf_he_top1000
382,2014[Zn][nan]3[ASR]7,0.356444,11.4888,vf_he_top1000
383,2014[Zn][pcu]3[ASR]10,0.32442,10.2433,vf_he_top1000
384,2014[Zn][pcu]3[ASR]12,0.489774,14.2404,vf_he_top1000
385,2014[Zn][pcu]3[ASR]13,0.503687,14.778,vf_he_top1000
386,2014[Zn][pcu]3[ASR]14,0.489028,14.3612,vf_he_top1000
387,2014[Zn][pcu]3[ASR]22,0.567575,14.5694,vf_he_top1000
388,2014[Zn][vbk]3[ASR]1,0.378753,7.93579,vf_he_top1000
389,2014[Zr][fcu]3[ASR]1,0.340027,11.5567,vf_he_top1000
390,2014[Zr][fcu]3[ASR]2,0.511286,16,vf_he_top1000
391,2015[Al][fon]3[ASR]1,0.407344,9.67094,vf_he_top1000
392,2015[Cd][hcb]2[ASR]2,0.326794,6.13731,vf_he_top1000
393,2015[Cd][nan]3[ASR]18,0.317678,14.0288,vf_he_top1000
394,2015[CeCu][srs]3[ASR]1,0.495312,9.64287,vf_he_top1000
395,2015[CoRu][kew]3[ASR]1,0.359266,13.0888,vf_he_top1000
396,2015[CrMn][noa]3[ASR]1,0.503734,10.2917,vf_he_top1000
397,2015[CrMn][noa]3[FSR]1,0.458748,9.98698,vf_he_top1000
398,2015[CrMn][nod]3[ASR]1,0.433853,8.93588,vf_he_top1000
399,2015[CuCe][srs]3[FSR]1,0.474125,9.40459,vf_he_top1000
400,2015[CuNd][srs]3[ASR]1,0.491411,9.78871,vf_he_top1000
401,2015[CuNd][srs]3[FSR]1,0.47022,9.64476,vf_he_top1000
402,2015[Cu][hyw]3[ASR]1,0.323779,11.7643,vf_he_top1000
403,2015[Cu][lvt]3[ASR]1,0.32381,6.82768,vf_he_top1000
404,2015[Cu][nan]3[ASR]13,0.356579,12.4891,vf_he_top1000
405,2015[Cu][nan]3[ASR]17,0.344853,14.8869,vf_he_top1000
406,2015[Cu][nan]3[ASR]19,0.427127,12.8394,vf_he_top1000
407,2015[Cu][nan]3[ASR]20,0.337464,11.105,vf_he_top1000
408,2015[Cu][nan]3[ASR]21,0.337464,11.1303,vf_he_top1000
409,2015[Cu][nan]3[ASR]22,0.335277,11.2234,vf_he_top1000
410,2015[Cu][nan]3[ASR]23,0.335277,11.1429,vf_he_top1000
411,2015[Cu][nan]3[ASR]3,0.343917,14.5928,vf_he_top1000
412,2015[Cu][nbo]3[ASR]1,0.383247,15.5889,vf_he_top1000
413,2015[Cu][nbo]3[ASR]3,0.343573,11.3237,vf_he_top1000
414,2015[Cu][nts]3[ASR]1,0.459322,16,vf_he_top1000
415,2015[Cu][ssa]3[ASR]1,0.325532,9.99763,vf_he_top1000
416,2015[Cu][urj]3[ASR]1,0.314841,11.8136,vf_he_top1000
417,2015[Eu][nan]3[ASR]10,0.421101,15.7362,vf_he_top1000
418,2015[Eu][nan]3[ASR]9,0.44163,12.9637,vf_he_top1000
419,2015[Eu][nan]3[FSR]9,0.410714,14.6985,vf_he_top1000
420,2015[Fe][acs]3[ASR]1,0.372187,9.32313,vf_he_top1000
421,2015[Fe][nan]3[ASR]3,0.368652,11.7018,vf_he_top1000
422,2015[Fe][pts]3[ASR]4,0.320831,9.30407,vf_he_top1000
423,2015[Mg][nan]3[ASR]11,0.32045,15.9903,vf_he_top1000
424,2015[Mn][csq]3[ASR]1,0.370428,14.964,vf_he_top1000
425,2015[Mn][nan]3[ASR]10,0.368889,11.8403,vf_he_top1000
426,2015[Mn][nan]3[ASR]11,0.367111,11.8865,vf_he_top1000
427,2015[Mn][nan]3[ASR]12,0.373047,11.662,vf_he_top1000
428,2015[Mn][nan]3[ASR]7,0.523668,16,vf_he_top1000
429,2015[SiZr][flu]3[ASR]1,0.360741,11.0133,vf_he_top1000
430,2015[Tb][nan]3[ASR]6,0.440741,12.9558,vf_he_top1000
431,2015[U][nan]3[ASR]7,0.419867,10.1473,vf_he_top1000
432,2015[U][nan]3[FSR]7,0.401451,9.85429,vf_he_top1000
433,2015[V][srs]3[ASR]1,0.58575,11.1478,vf_he_top1000
434,2015[Zn][deh]3[ASR]1,0.422634,8.62557,vf_he_top1000
435,2015[Zn][hea]3[ASR]1,0.431847,11.2149,vf_he_top1000
436,2015[Zn][hea]3[ASR]2,0.432099,10.929,vf_he_top1000
437,2015[Zn][hww]3[ION]3,0.326843,7.00925,vf_he_top1000
438,2015[Zn][hww]3[ION]4,0.387087,12.4199,vf_he_top1000
439,2015[Zn][hww]3[ION]5,0.379006,12.146,vf_he_top1000
440,2015[Zn][hyw]3[ASR]1,0.318724,11.8773,vf_he_top1000
441,2015[Zn][hyw]3[ASR]2,0.331842,12.1648,vf_he_top1000
442,2015[Zn][ith]3[ASR]1,0.549307,16,vf_he_top1000
443,2015[Zn][ith]3[ASR]2,0.486562,16,vf_he_top1000
444,2015[Zn][ith]3[ASR]3,0.395722,15.1276,vf_he_top1000
445,2015[Zn][ith]3[ASR]4,0.400396,15.4286,vf_he_top1000
446,2015[Zn][lon]3[ASR]2,0.324758,6.56459,vf_he_top1000
447,2015[Zn][nan]3[ASR]17,0.3796,9.67239,vf_he_top1000
448,2015[Zn][nan]3[ASR]24,0.346813,9.83322,vf_he_top1000
449,2015[Zn][nan]3[ASR]25,0.313772,9.25946,vf_he_top1000
450,2015[Zn][nan]3[ASR]27,0.318478,10.2208,vf_he_top1000
451,2015[Zn][nan]3[ASR]6,0.386786,16,vf_he_top1000
452,2015[Zn][nts]3[ASR]1,0.589445,16,vf_he_top1000
453,2015[Zn][nts]3[ASR]2,0.460048,16,vf_he_top1000
454,2015[Zn][pcu]3[ASR]14,0.388067,10.3541,vf_he_top1000
455,2015[Zn][pcu]3[ASR]3,0.395239,10.9143,vf_he_top1000
456,2015[Zn][pcu]3[ASR]6,0.388347,10.0872,vf_he_top1000
457,2015[Zn][pcu]3[ASR]7,0.394027,10.503,vf_he_top1000
458,2015[Zn][rtl]3[ASR]2,0.566655,12.6163,vf_he_top1000
459,2015[Zn][sra]3[ASR]1,0.314171,7.44924,vf_he_top1000
460,2015[Zn][ssa]3[ASR]1,0.334991,10.4201,vf_he_top1000
461,2015[Zn][zym]3[ASR]1,0.360653,16,vf_he_top1000
462,2015[Zr][csq]3[ASR]1,0.679539,16,vf_he_top1000
463,2015[Zr][fcu]3[ASR]2,0.352418,12.1951,vf_he_top1000
464,2015[Zr][fcu]3[ASR]4,0.363766,11.6907,vf_he_top1000
465,2015[Zr][ftw]3[ASR]1,0.467023,16,vf_he_top1000
466,2015[Zr][ftw]3[ASR]2,0.561269,16,vf_he_top1000
467,2015[Zr][ftw]3[ASR]3,0.661292,16,vf_he_top1000
468,2015[Zr][pts]3[ASR]1,0.436158,12.46,vf_he_top1000
469,2015[Zr][spn]3[ASR]1,0.814939,16,vf_he_top1000
470,2016[Cd][nan]3[ASR]7,0.334418,10.2076,vf_he_top1000
471,2016[Co][nan]3[ASR]22,0.357335,7.74422,vf_he_top1000
472,2016[Co][nan]3[ASR]27,0.334816,10.2733,vf_he_top1000
473,2016[Co][nan]3[ASR]28,0.529266,16,vf_he_top1000
474,2016[Co][pts]3[ASR]3,0.345051,9.65273,vf_he_top1000
475,2016[Co][pts]3[ASR]4,0.349722,9.76815,vf_he_top1000
476,2016[Co][pts]3[FSR]6,0.35,9.77142,vf_he_top1000
477,2016[Co][the]3[ASR]1,0.411295,14.7796,vf_he_top1000
478,2016[Co][the]3[ASR]2,0.409795,15.0398,vf_he_top1000
479,2016[CrMn][stp]3[ASR]1,0.338517,13.9986,vf_he_top1000
480,2016[CuMoMn][dia]3[ASR]1,0.516902,11.9089,vf_he_top1000
481,2016[Cu][nan]3[ASR]12,0.362223,12.189,vf_he_top1000
482,2016[Cu][nan]3[ASR]8,0.441749,12.1519,vf_he_top1000
483,2016[Cu][nbo]3[ASR]1,0.457341,13.4938,vf_he_top1000
484,2016[Cu][nbo]3[ASR]10,0.452765,11.6938,vf_he_top1000
485,2016[Cu][nbo]3[ASR]11,0.416477,10.7529,vf_he_top1000
486,2016[Cu][nbo]3[ASR]12,0.323428,9.44498,vf_he_top1000
487,2016[Cu][nbo]3[ASR]18,0.41125,10.2143,vf_he_top1000
488,2016[Cu][nbo]3[ASR]19,0.434564,10.5732,vf_he_top1000
489,2016[Cu][nbo]3[ASR]20,0.445173,11.3221,vf_he_top1000
490,2016[Cu][nbo]3[ASR]21,0.43586,10.89,vf_he_top1000
491,2016[Cu][nbo]3[ASR]22,0.406938,10.6324,vf_he_top1000
492,2016[Cu][nbo]3[ASR]23,0.385526,10.4256,vf_he_top1000
493,2016[Cu][nbo]3[ASR]24,0.37885,10.943,vf_he_top1000
494,2016[Cu][nbo]3[ASR]31,0.401125,10.6699,vf_he_top1000
495,2016[Cu][nbo]3[ASR]32,0.417333,10.6597,vf_he_top1000
496,2016[Cu][nbo]3[ASR]33,0.47624,12.4559,vf_he_top1000
497,2016[Cu][nbo]3[ASR]34,0.372904,10.5522,vf_he_top1000
498,2016[Cu][nbo]3[ASR]35,0.414808,11.82,vf_he_top1000
499,2016[Cu][nbo]3[ASR]36,0.348411,9.08145,vf_he_top1000
500,2016[Cu][nbo]3[ASR]37,0.355737,9.17507,vf_he_top1000
501,2016[Cu][nbo]3[ASR]38,0.380569,10.0397,vf_he_top1000
502,2016[Cu][nbo]3[ASR]39,0.40525,10.4211,vf_he_top1000
503,2016[Cu][nbo]3[ASR]4,0.672497,16,vf_he_top1000
504,2016[Cu][nbo]3[ASR]40,0.411438,10.7045,vf_he_top1000
505,2016[Cu][nbo]3[ASR]41,0.35027,9.10237,vf_he_top1000
506,2016[Cu][nbo]3[ASR]42,0.459294,11.3138,vf_he_top1000
507,2016[Cu][nbo]3[ASR]43,0.398819,9.93102,vf_he_top1000
508,2016[Cu][nbo]3[ASR]44,0.401553,9.96813,vf_he_top1000
509,2016[Cu][nbo]3[ASR]45,0.417286,10.8687,vf_he_top1000
510,2016[Cu][nbo]3[ASR]46,0.437875,10.9724,vf_he_top1000
511,2016[Cu][nbo]3[ASR]47,0.39871,9.88566,vf_he_top1000
512,2016[Cu][nbo]3[ASR]48,0.472384,11.6004,vf_he_top1000
513,2016[Cu][nbo]3[ASR]49,0.48356,11.9434,vf_he_top1000
514,2016[Cu][nbo]3[ASR]5,0.349921,10.592,vf_he_top1000
515,2016[Cu][nbo]3[ASR]50,0.387473,9.21729,vf_he_top1000
516,2016[Cu][nbo]3[ASR]51,0.395482,9.30528,vf_he_top1000
517,2016[Cu][nbo]3[ASR]52,0.360111,9.45815,vf_he_top1000
518,2016[Cu][nbo]3[ASR]53,0.358689,9.50287,vf_he_top1000
519,2016[Cu][nbo]3[ASR]54,0.369342,9.69242,vf_he_top1000
520,2016[Cu][nbo]3[ASR]55,0.395969,10.6776,vf_he_top1000
521,2016[Cu][nbo]3[ASR]56,0.353769,9.62031,vf_he_top1000
522,2016[Cu][nbo]3[ASR]6,0.658972,16,vf_he_top1000
523,2016[Cu][nbo]3[ASR]8,0.482264,11.9799,vf_he_top1000
524,2016[Cu][nbo]3[ASR]9,0.456943,11.2524,vf_he_top1000
525,2016[Cu][nts]3[ASR]1,0.469587,16,vf_he_top1000
526,2016[Cu][pts]3[ASR]1,0.531026,9.6753,vf_he_top1000
527,2016[Cu][ssa]3[ASR]1,0.321221,9.78261,vf_he_top1000
528,2016[Cu][ssa]3[ASR]2,0.314472,10.0508,vf_he_top1000
529,2016[Cu][tbo]3[ASR]1,0.328041,11.0682,vf_he_top1000
530,2016[Cu][tbo]3[ASR]5,0.374517,12.3735,vf_he_top1000
531,2016[Cu][ubo]3[ASR]1,0.363628,9.16186,vf_he_top1000
532,2016[Fe][nan]3[ASR]2,0.530219,16,vf_he_top1000
533,2016[Fe][nan]3[ASR]3,0.531604,16,vf_he_top1000
534,2016[Fe][nan]3[ASR]4,0.531321,16,vf_he_top1000
535,2016[Fe][nan]3[ASR]5,0.534478,16,vf_he_top1000
536,2016[In][nan]3[ASR]1,0.441613,16,vf_he_top1000
537,2016[In][nan]3[ASR]15,0.542312,13.0465,vf_he_top1000
538,2016[In][nan]3[ASR]2,0.723836,16,vf_he_top1000
539,2016[In][unc]3[ASR]2,0.363955,7.70766,vf_he_top1000
540,2016[IrZr][she]3[ASR]1,0.615849,16,vf_he_top1000
541,2016[Mg][acs]3[ASR]1,0.353567,8.92624,vf_he_top1000
542,2016[Mg][nan]3[ASR]5,0.36,11.6631,vf_he_top1000
543,2016[Mg][stp]3[ASR]1,0.674818,16,vf_he_top1000
544,2016[Mg][stp]3[ASR]2,0.67553,16,vf_he_top1000
545,2016[Mn][nan]3[ASR]1,0.363074,11.8863,vf_he_top1000
546,2016[MoCuMn][dia]3[FSR]1,0.386895,8.95529,vf_he_top1000
547,2016[NiZr][ftw]3[ASR]1,0.561868,16,vf_he_top1000
548,2016[Ni][nan]3[ASR]1,0.354667,11.3737,vf_he_top1000
549,2016[Ni][nan]3[ASR]2,0.358222,11.4745,vf_he_top1000
550,2016[Ni][nan]3[ASR]3,0.349333,11.3204,vf_he_top1000
551,2016[Tb][fcu]3[ASR]1,0.41148,12.3891,vf_he_top1000
552,2016[Tb][nan]3[ASR]10,0.357087,10.7247,vf_he_top1000
553,2016[Th][gfy]3[ASR]1,0.374228,12.8652,vf_he_top1000
554,2016[Th][gfy]3[FSR]1,0.320988,10.4352,vf_he_top1000
555,2016[Yb][lcy]3[ASR]1,0.385264,11.843,vf_he_top1000
556,2016[ZnCo][idp]3[ASR]1,0.519528,16,vf_he_top1000
557,2016[ZnCo][pcu]3[ASR]1,0.485945,13.2068,vf_he_top1000
558,2016[ZnCu][idp]3[ASR]1,0.51669,16,vf_he_top1000
559,2016[Zn][crb]3[ASR]1,0.362536,9.11821,vf_he_top1000
560,2016[Zn][nan]3[ASR]2,0.323786,9.14504,vf_he_top1000
561,2016[Zn][nan]3[ASR]29,0.361369,9.69244,vf_he_top1000
562,2016[Zn][nan]3[ASR]4,0.326261,7.3117,vf_he_top1000
563,2016[Zn][nts]3[ASR]1,0.477516,16,vf_he_top1000
564,2016[Zn][sra]3[ASR]4,0.358483,8.28786,vf_he_top1000
565,2016[Zn][ssa]3[ASR]1,0.335934,10.4547,vf_he_top1000
566,2016[Zr][bct]3[ASR]1,0.474921,14.066,vf_he_top1000
567,2016[Zr][bcu]3[ASR]1,0.407172,11.9626,vf_he_top1000
568,2016[Zr][buh]3[ASR]1,0.590379,16,vf_he_top1000
569,2016[Zr][csq]3[ASR]1,0.659313,16,vf_he_top1000
570,2016[Zr][flu]3[ASR]1,0.39837,9.91728,vf_he_top1000
571,2017[Ag][sqc]2[ASR]1,0.349159,10.1011,vf_he_top1000
572,2017[Ag][sqc]3[ASR]1,0.33673,9.70201,vf_he_top1000
573,2017[Al][acs]3[ASR]1,0.376851,10.4464,vf_he_top1000
574,2017[Al][fon]3[ASR]1,0.399082,9.59853,vf_he_top1000
575,2017[Al][fon]3[ASR]2,0.397153,10.2913,vf_he_top1000
576,2017[Al][llj]3[ASR]1,0.332244,10.0085,vf_he_top1000
577,2017[Al][skl]3[ASR]1,0.346832,9.89668,vf_he_top1000
578,2017[Al][skl]3[ASR]2,0.320487,7.93242,vf_he_top1000
579,2017[Al][skl]3[ASR]3,0.325463,8.35268,vf_he_top1000
580,2017[Al][skl]3[ASR]4,0.349022,9.88897,vf_he_top1000
581,2017[Al][skl]3[ASR]5,0.350578,10.0943,vf_he_top1000
582,2017[Al][skl]3[ASR]6,0.349365,10.1245,vf_he_top1000
583,2017[Al][skl]3[ASR]7,0.339841,8.80508,vf_he_top1000
584,2017[Al][skl]3[ASR]8,0.336965,8.61356,vf_he_top1000
585,2017[Al][skl]3[ASR]9,0.33347,8.48603,vf_he_top1000
586,2017[Cd][hcb]2[ASR]2,0.316082,10.826,vf_he_top1000
587,2017[Cd][nan]2[ASR]2,0.429793,12.0859,vf_he_top1000
588,2017[Cd][nan]3[ASR]2,0.38916,12.1852,vf_he_top1000
589,2017[Cd][nan]3[ASR]3,0.38625,11.8754,vf_he_top1000
590,2017[Co][nan]3[ASR]13,0.314637,14.2951,vf_he_top1000
591,2017[Co][nan]3[ASR]14,0.346667,11.0111,vf_he_top1000
592,2017[Co][nan]3[ASR]15,0.360048,11.0909,vf_he_top1000
593,2017[Co][nan]3[ASR]20,0.354667,11.4471,vf_he_top1000
594,2017[Co][nan]3[ASR]22,0.362584,11.1742,vf_he_top1000
595,2017[Co][nan]3[ASR]23,0.352889,11.4774,vf_he_top1000
596,2017[Co][nan]3[ASR]6,0.358222,11.6277,vf_he_top1000
597,2017[Co][nan]3[ASR]7,0.36175,11.3407,vf_he_top1000
598,2017[Co][nan]3[ASR]8,0.352889,11.4774,vf_he_top1000
599,2017[Co][scu]3[ASR]1,0.342369,10.6831,vf_he_top1000
600,2017[Co][tfz]3[ASR]1,0.383048,9.97364,vf_he_top1000
601,2017[Co][tfz]3[ASR]2,0.349116,9.18486,vf_he_top1000
602,2017[CuMoMn][sql]2[ASR]1,0.49196,10.2188,vf_he_top1000
603,2017[Cu][fjh]3[ASR]1,0.497398,10.9993,vf_he_top1000
604,2017[Cu][fog]3[ASR]1,0.472571,14.9883,vf_he_top1000
605,2017[Cu][nan]3[ASR]14,0.461609,14.5609,vf_he_top1000
606,2017[Cu][nan]3[ASR]15,0.392288,14.7539,vf_he_top1000
607,2017[Cu][nan]3[ASR]7,0.392288,14.7539,vf_he_top1000
608,2017[Cu][nan]3[FSR]7,0.340278,14.7539,vf_he_top1000
609,2017[Cu][nbo]3[ASR]1,0.345461,10.7875,vf_he_top1000
610,2017[Cu][nbo]3[ASR]2,0.363052,10.5044,vf_he_top1000
611,2017[Cu][nbo]3[ASR]3,0.329003,10.9682,vf_he_top1000
612,2017[Cu][nbo]3[ASR]4,0.343518,10.6735,vf_he_top1000
613,2017[Cu][nbo]3[ASR]5,0.419889,10.5296,vf_he_top1000
614,2017[Cu][nbo]3[ASR]6,0.320985,10.8248,vf_he_top1000
615,2017[Cu][pto]3[ASR]1,0.543515,16,vf_he_top1000
616,2017[Cu][scu]3[ASR]2,0.411768,13.261,vf_he_top1000
617,2017[Cu][scu]3[ASR]3,0.408376,12.7068,vf_he_top1000
618,2017[Er][nan]3[ASR]1,0.351158,10.1015,vf_he_top1000
619,2017[Er][nan]3[ASR]2,0.351158,10.1015,vf_he_top1000
620,2017[Fe][fmz]3[ASR]1,0.452305,13.8877,vf_he_top1000
621,2017[Fe][kag]3[ASR]1,0.320312,14.1581,vf_he_top1000
622,2017[IrHf][she]3[ASR]1,0.612915,16,vf_he_top1000
623,2017[NiCo][qtz]3[ASR]1,0.36709,14.6416,vf_he_top1000
624,2017[Ni][nan]3[ASR]1,0.317272,11.4056,vf_he_top1000
625,2017[Th][bcu]3[ASR]1,0.504611,14.5993,vf_he_top1000
626,2017[Th][bcu]3[FSR]1,0.457025,13.0615,vf_he_top1000
627,2017[Tm][nan]3[ASR]1,0.346612,9.91347,vf_he_top1000
628,2017[Tm][nan]3[ASR]2,0.346612,9.91347,vf_he_top1000
629,2017[U][bcu]3[ASR]1,0.480159,14.0046,vf_he_top1000
630,2017[Zn][etd]3[ASR]1,0.55241,13.931,vf_he_top1000
631,2017[Zn][lon]3[ASR]2,0.326532,7.37594,vf_he_top1000
632,2017[Zn][lvt]3[ASR]1,0.344048,8.39716,vf_he_top1000
633,2017[Zn][muo]3[ASR]1,0.660048,16,vf_he_top1000
634,2017[Zn][nan]3[ASR]12,0.511413,16,vf_he_top1000
635,2017[Zn][nan]3[ASR]13,0.528274,16,vf_he_top1000
636,2017[Zn][nan]3[ASR]16,0.575299,16,vf_he_top1000
637,2017[Zn][nan]3[ASR]17,0.442397,12.1403,vf_he_top1000
638,2017[Zn][nan]3[ASR]2,0.575299,16,vf_he_top1000
639,2017[Zn][nan]3[ASR]24,0.393375,8.17176,vf_he_top1000
640,2017[Zn][nan]3[ASR]26,0.319437,9.69116,vf_he_top1000
641,2017[Zn][nan]3[ASR]3,0.442397,12.1403,vf_he_top1000
642,2017[Zn][nan]3[ASR]30,0.344391,8.18584,vf_he_top1000
643,2017[Zn][nan]3[ASR]6,0.502222,16,vf_he_top1000
644,2017[Zn][pcu]3[ASR]20,0.399686,10.639,vf_he_top1000
645,2017[Zn][pcu]3[ASR]21,0.333333,9.10523,vf_he_top1000
646,2017[Zn][sql]2[ASR]1,0.38341,10.1375,vf_he_top1000
647,2017[Zr][bcu]3[ASR]1,0.34747,10.458,vf_he_top1000
648,2017[Zr][bcu]3[ASR]2,0.439669,14.2663,vf_he_top1000
649,2017[Zr][csq]3[ASR]1,0.605517,16,vf_he_top1000
650,2017[Zr][csq]3[ASR]2,0.615297,16,vf_he_top1000
651,2017[Zr][csq]3[ASR]3,0.602224,16,vf_he_top1000
652,2017[Zr][csq]3[ASR]4,0.616774,16,vf_he_top1000
653,2017[Zr][csq]3[FSR]1,0.573127,16,vf_he_top1000
654,2017[Zr][csq]3[FSR]2,0.584657,16,vf_he_top1000
655,2017[Zr][csq]3[FSR]3,0.56995,16,vf_he_top1000
656,2017[Zr][csq]3[FSR]4,0.581777,16,vf_he_top1000
657,2017[Zr][fcu]3[ASR]1,0.456247,16,vf_he_top1000
658,2017[Zr][flu]3[ASR]1,0.49715,13.0933,vf_he_top1000
659,2017[Zr][flu]3[ASR]2,0.425926,9.96587,vf_he_top1000
660,2017[Zr][hbr]3[ASR]1,0.501617,16,vf_he_top1000
661,2017[Zr][nan]3[ASR]1,0.370192,11.4552,vf_he_top1000
662,2017[Zr][nan]3[ASR]2,0.422981,13.9054,vf_he_top1000
663,2017[Zr][scu]3[ASR]1,0.42356,10.9031,vf_he_top1000
664,2017[Zr][scu]3[ASR]2,0.355926,9.60391,vf_he_top1000
665,2017[Zr][scu]3[ASR]3,0.466926,12.0361,vf_he_top1000
666,2017[Zr][scu]3[ASR]4,0.456058,12.629,vf_he_top1000
667,2017[Zr][scu]3[ASR]5,0.469768,13.5033,vf_he_top1000
668,2017[Zr][scu]3[ASR]6,0.37542,11.0945,vf_he_top1000
669,2018[Cd][nan]3[ASR]3,0.333479,11.2916,vf_he_top1000
670,2018[CeZn][she]3[ASR]1,0.580881,16,vf_he_top1000
671,2018[Ce][csq]3[ASR]1,0.524274,16,vf_he_top1000
672,2018[Ce][scu]3[ASR]1,0.427853,11.9748,vf_he_top1000
673,2018[CoFe][nan]3[ASR]1,0.58923,15.0022,vf_he_top1000
674,2018[Co][nan]3[ASR]12,0.350099,11.5755,vf_he_top1000
675,2018[Co][nan]3[ASR]3,0.344889,10.9944,vf_he_top1000
676,2018[Co][nan]3[ASR]4,0.349333,11.1336,vf_he_top1000
677,2018[Co][nan]3[ASR]5,0.349333,11.1332,vf_he_top1000
678,2018[Co][nan]3[ASR]6,0.341333,11.0862,vf_he_top1000
679,2018[Co][nan]3[ASR]7,0.349333,11.1288,vf_he_top1000
680,2018[Co][nan]3[ASR]8,0.357075,11.1394,vf_he_top1000
681,2018[Co][nan]3[ASR]9,0.347875,10.8331,vf_he_top1000
682,2018[Cr][tbo]3[ASR]1,0.391067,13.8522,vf_he_top1000
683,2018[CuZr][she]3[ASR]1,0.634215,16,vf_he_top1000
684,2018[Cu][fmj]3[ASR]1,0.502546,12.1607,vf_he_top1000
685,2018[Cu][fmj]3[ASR]2,0.473665,11.4317,vf_he_top1000
686,2018[Cu][iab]3[ASR]1,0.494048,12.1796,vf_he_top1000
687,2018[Cu][nan]3[ASR]11,0.433637,12.1382,vf_he_top1000
688,2018[Cu][nan]3[ASR]12,0.361987,10.3004,vf_he_top1000
689,2018[Cu][sql]2[ASR]5,0.473429,10.5718,vf_he_top1000
690,2018[Eu][nan]3[ASR]1,0.323574,9.62456,vf_he_top1000
691,2018[Eu][umc]3[ASR]1,0.390593,10.0308,vf_he_top1000
692,2018[Eu][umc]3[ASR]2,0.48699,11.5569,vf_he_top1000
693,2018[Hf][scu]3[ASR]1,0.585266,14.8191,vf_he_top1000
694,2018[Mg][ant]3[ASR]2,0.361551,9.81526,vf_he_top1000
695,2018[NiCo][scu]3[ASR]1,0.34369,12.8327,vf_he_top1000
696,2018[NiCo][scu]3[ASR]2,0.341358,12.7757,vf_he_top1000
697,2018[NiCo][scu]3[ASR]3,0.343024,12.748,vf_he_top1000
698,2018[NiCo][scu]3[ASR]4,0.343857,12.8266,vf_he_top1000
699,2018[Ni][fmz]3[ASR]1,0.449969,13.6557,vf_he_top1000
700,2018[Ni][fmz]3[ASR]2,0.440872,13.335,vf_he_top1000
701,2018[Ni][fmz]3[ASR]3,0.369908,10.8777,vf_he_top1000
702,2018[Ni][fmz]3[ASR]5,0.325102,10.7171,vf_he_top1000
703,2018[Ni][fmz]3[ASR]6,0.323083,8.89669,vf_he_top1000
704,2018[RhZr][she]3[ASR]1,0.613143,16,vf_he_top1000
705,2018[Tb][sql]2[ASR]1,0.390022,9.7631,vf_he_top1000
706,2018[U][hcb]2[ASR]5,0.356975,12.5644,vf_he_top1000
707,2018[U][tbo]3[ASR]1,0.691133,16,vf_he_top1000
708,2018[YCu][nan]3[ASR]1,0.366844,9.84386,vf_he_top1000
709,2018[Y][bcu]3[ASR]1,0.462816,11.0073,vf_he_top1000
710,2018[Zn][bcu]3[ASR]1,0.420179,16,vf_he_top1000
711,2018[Zn][hmc]3[ASR]1,0.397125,13.95,vf_he_top1000
712,2018[Zn][ith]3[ASR]2,0.611949,16,vf_he_top1000
713,2018[Zn][nan]3[ASR]11,0.426871,16,vf_he_top1000
714,2018[Zn][nan]3[ASR]4,0.524093,16,vf_he_top1000
715,2018[Zn][nan]3[ASR]5,0.523101,16,vf_he_top1000
716,2018[Zn][nbo]3[ASR]1,0.318182,10.5256,vf_he_top1000
717,2018[Zn][pcu]3[ASR]18,0.400207,10.3503,vf_he_top1000
718,2018[Zn][pcu]3[ASR]19,0.383083,9.37104,vf_he_top1000
719,2018[Zn][pcu]3[FSR]19,0.361193,9.37104,vf_he_top1000
720,2018[Zr][bcu]3[ASR]1,0.45257,10.1416,vf_he_top1000
721,2018[Zr][nan]3[ASR]2,0.321784,12.6222,vf_he_top1000
722,2018[Zr][nan]3[ASR]3,0.468281,15.0155,vf_he_top1000
723,2018[Zr][nan]3[ASR]4,0.381918,12.9629,vf_he_top1000
724,2018[Zr][nan]3[ASR]5,0.432569,11.6204,vf_he_top1000
725,2018[Zr][nan]3[ASR]6,0.351158,12.0387,vf_he_top1000
726,2018[Zr][scu]3[ASR]1,0.606238,15.5759,vf_he_top1000
727,2018[Zr][scu]3[ASR]2,0.580973,14.6025,vf_he_top1000
728,2018[Zr][scu]3[ASR]3,0.465947,12.0759,vf_he_top1000
729,2019[Al][fon]3[ASR]1,0.40188,9.72871,vf_he_top1000
730,2019[Al][fon]3[ASR]2,0.345661,9.19973,vf_he_top1000
731,2019[Cd][ins]3[ASR]2,0.321102,8.58088,vf_he_top1000
732,2019[Cd][nan]3[ASR]12,0.358684,8.79987,vf_he_top1000
733,2019[Cd][tfz]3[ASR]3,0.418564,10.3723,vf_he_top1000
734,2019[Ce][dia]3[ASR]1,0.333975,7.0192,vf_he_top1000
735,2019[Ce][noq]3[ASR]1,0.340274,9.49879,vf_he_top1000
736,2019[CoEu][tam]3[ASR]1,0.503261,16,vf_he_top1000
737,2019[Co][nan]3[ASR]1,0.361792,11.1547,vf_he_top1000
738,2019[Co][nan]3[ASR]13,0.359413,11.0683,vf_he_top1000
739,2019[Co][nan]3[ASR]14,0.364011,11.2393,vf_he_top1000
740,2019[Co][nan]3[ASR]15,0.366072,11.2136,vf_he_top1000
741,2019[Co][nan]3[ASR]19,0.490915,14.1882,vf_he_top1000
742,2019[Co][nan]3[ASR]2,0.351111,11.5958,vf_he_top1000
743,2019[CrZr][csq]3[ASR]1,0.570756,16,vf_he_top1000
744,2019[Cr][acs]3[ASR]1,0.473463,13.7557,vf_he_top1000
745,2019[Cr][acs]3[FSR]1,0.45446,13.4414,vf_he_top1000
746,2019[CuYb][tbo]3[ASR]1,0.627276,16,vf_he_top1000
747,2019[Cu][nan]2[ASR]3,0.315259,7.33445,vf_he_top1000
748,2019[Cu][nan]3[ASR]10,0.590608,14.4541,vf_he_top1000
749,2019[Cu][nan]3[ASR]2,0.363601,10.58,vf_he_top1000
750,2019[Cu][nan]3[ASR]6,0.342365,16,vf_he_top1000
751,2019[Cu][nan]3[ASR]7,0.437374,11.9416,vf_he_top1000
752,2019[Cu][nan]3[ASR]8,0.437806,12.0363,vf_he_top1000
753,2019[Cu][nbo]3[ASR]1,0.371553,10.4768,vf_he_top1000
754,2019[Cu][pts]3[ASR]2,0.330054,8.53171,vf_he_top1000
755,2019[Cu][she]3[FSR]1,0.401278,15.3816,vf_he_top1000
756,2019[Cu][tbo]3[ASR]1,0.367189,12.3077,vf_he_top1000
757,2019[Cu][tbo]3[ASR]2,0.369021,12.434,vf_he_top1000
758,2019[Cu][tbo]3[ASR]3,0.369632,12.3304,vf_he_top1000
759,2019[Dy][nan]3[ASR]4,0.314423,10.3677,vf_he_top1000
760,2019[Er][nan]3[ASR]2,0.375288,9.31752,vf_he_top1000
761,2019[Er][nan]3[FSR]1,0.363747,9.31752,vf_he_top1000
762,2019[Fe][acs]3[ASR]1,0.481728,14.0042,vf_he_top1000
763,2019[Fe][fmz]3[ASR]1,0.450211,13.2679,vf_he_top1000
764,2019[Fe][stp]3[ASR]1,0.650892,16,vf_he_top1000
765,2019[Fe][stp]3[ASR]2,0.646377,16,vf_he_top1000
766,2019[GaCu][agw]3[ASR]1,0.466444,13.2463,vf_he_top1000
767,2019[InCu][nbo]3[ASR]1,0.458944,15.3479,vf_he_top1000
768,2019[In][mmt]3[ASR]1,0.474166,11.2377,vf_he_top1000
769,2019[In][nan]3[ASR]1,0.358127,14.594,vf_he_top1000
770,2019[In][stp]3[ASR]1,0.65867,16,vf_he_top1000
771,2019[Mg][nan]3[ASR]1,0.362109,11.1374,vf_he_top1000
772,2019[Mg][nan]3[ASR]2,0.361394,11.5182,vf_he_top1000
773,2019[Mg][nan]3[ASR]3,0.349333,11.5217,vf_he_top1000
774,2019[Mn][kgd]2[ASR]1,0.395747,8.18779,vf_he_top1000
775,2019[Ni][fcu]3[ASR]1,0.378106,14.0947,vf_he_top1000
776,2019[Ni][nan]3[ASR]1,0.358779,11.1328,vf_he_top1000
777,2019[Ni][nan]3[ASR]3,0.351111,11.3588,vf_he_top1000
778,2019[Np][shp]3[ASR]1,0.339084,11.1234,vf_he_top1000
779,2019[Tb][fcu]3[ASR]1,0.397043,12.2028,vf_he_top1000
780,2019[Tb][she]3[ION]1,0.508678,16,vf_he_top1000
781,2019[Tb][urx]3[ASR]1,0.506331,14.9692,vf_he_top1000
782,2019[Tb][urx]3[FSR]1,0.48399,14.9692,vf_he_top1000
783,2019[Th][bcu]3[ASR]1,0.463667,14.2843,vf_he_top1000
784,2019[Th][bcu]3[FSR]1,0.412276,14.146,vf_he_top1000
785,2019[Y][pcu]3[ASR]1,0.318939,7.61305,vf_he_top1000
786,2019[YbCu][tbo]3[FSR]1,0.570729,16,vf_he_top1000
787,2019[Zn][ant]3[ASR]1,0.454185,13.1926,vf_he_top1000
788,2019[Zn][nan]3[ASR]11,0.333632,11.1647,vf_he_top1000
789,2019[Zn][nan]3[ASR]5,0.348769,9.51038,vf_he_top1000
790,2019[Zn][pcu]3[ASR]7,0.357049,12.4043,vf_he_top1000
791,2019[Zn][snz]3[ASR]1,0.364388,15.0148,vf_he_top1000
792,2019[Zn][sql]2[ASR]2,0.338532,6.43754,vf_he_top1000
793,2019[Zn][sra]3[ASR]1,0.323956,7.54585,vf_he_top1000
794,2019[Zr][bcu]3[ASR]1,0.456519,10.6856,vf_he_top1000
795,2019[Zr][bcu]3[ASR]2,0.332798,10.4976,vf_he_top1000
796,2019[Zr][csq]3[ASR]1,0.61285,16,vf_he_top1000
797,2019[Zr][csq]3[ASR]2,0.610774,16,vf_he_top1000
798,2019[Zr][csq]3[ASR]3,0.608892,16,vf_he_top1000
799,2019[Zr][flu]3[ASR]1,0.410815,10.6519,vf_he_top1000
800,2019[Zr][flu]3[ASR]2,0.389146,8.43617,vf_he_top1000
801,2019[Zr][scu]3[ASR]2,0.490969,13.3167,vf_he_top1000
802,2019[Zr][scu]3[ASR]5,0.590534,15.6338,vf_he_top1000
803,2019[Zr][sjt]3[ASR]1,0.501075,16,vf_he_top1000
804,2019[Zr][sqc]3[ASR]1,0.489266,13.1905,vf_he_top1000
805,2020[Ag][nbo]3[ASR]1,0.358603,13.7477,vf_he_top1000
806,2020[Al][fmz]3[ASR]1,0.439673,13.8804,vf_he_top1000
807,2020[Cd][kgd]2[ASR]1,0.321053,8.01829,vf_he_top1000
808,2020[Co][nan]3[ASR]22,0.341746,10.7103,vf_he_top1000
809,2020[Co][nan]3[ASR]23,0.322206,10.7402,vf_he_top1000
810,2020[Co][nan]3[ASR]24,0.342968,10.6478,vf_he_top1000
811,2020[Co][nan]3[ASR]25,0.318543,10.7093,vf_he_top1000
812,2020[Co][nbo]3[ASR]2,0.661272,16,vf_he_top1000
813,2020[Cu][kgm]2[ASR]3,0.438374,13.3276,vf_he_top1000
814,2020[Cu][lil]3[ASR]1,0.427797,11.6992,vf_he_top1000
815,2020[Cu][lil]3[FSR]1,0.397439,10.4398,vf_he_top1000
816,2020[Cu][nan]3[ASR]2,0.39617,11.4743,vf_he_top1000
817,2020[Cu][nbo]3[ASR]2,0.666653,16,vf_he_top1000
818,2020[Cu][nbo]3[ASR]3,0.666488,16,vf_he_top1000
819,2020[Cu][nbo]3[ASR]4,0.661305,16,vf_he_top1000
820,2020[Cu][pts]3[ASR]2,0.470685,10.0027,vf_he_top1000
821,2020[Cu][pts]3[ASR]3,0.523408,10.9946,vf_he_top1000
822,2020[Cu][she]3[ASR]1,0.407914,15.6422,vf_he_top1000
823,2020[Cu][she]3[ASR]2,0.407027,15.5911,vf_he_top1000
824,2020[Cu][she]3[FSR]1,0.408532,15.6422,vf_he_top1000
825,2020[Cu][she]3[FSR]2,0.407538,15.5911,vf_he_top1000
826,2020[Cu][sql]2[ASR]1,0.329202,8.19759,vf_he_top1000
827,2020[Cu][sql]2[ASR]12,0.335918,7.25554,vf_he_top1000
828,2020[Cu][tbo]3[ASR]1,0.376348,12.4246,vf_he_top1000
829,2020[Cu][tbo]3[ASR]2,0.370242,12.3645,vf_he_top1000
830,2020[Cu][tbo]3[ASR]3,0.36841,12.4263,vf_he_top1000
831,2020[Cu][tbo]3[ASR]4,0.368105,12.3305,vf_he_top1000
832,2020[Cu][tbo]3[ASR]5,0.368105,12.3305,vf_he_top1000
833,2020[Cu][tbo]3[ASR]6,0.367622,12.3885,vf_he_top1000
834,2020[Eu][sql]2[ASR]1,0.321563,8.24004,vf_he_top1000
835,2020[Fe][nuc]3[ASR]1,0.574888,14.2765,vf_he_top1000
836,2020[Fe][tbo]3[ASR]1,0.571578,16,vf_he_top1000
837,2020[Fe][tbo]3[ASR]2,0.571841,16,vf_he_top1000
838,2020[Hf][flu]3[ASR]1,0.552579,16,vf_he_top1000
839,2020[In][nan]3[ASR]2,0.413771,9.04052,vf_he_top1000
840,2020[In][nuc]3[ASR]1,0.573021,14.1815,vf_he_top1000
841,2020[Mg][nan]3[ASR]1,0.351111,11.5014,vf_he_top1000
842,2020[Mn][nbo]3[ASR]1,0.660365,16,vf_he_top1000
843,2020[Mn][sql]2[ASR]2,0.315126,7.08151,vf_he_top1000
844,2020[Ni][nan]3[ASR]1,0.334467,12.2717,vf_he_top1000
845,2020[Ni][nan]3[ASR]3,0.352922,16,vf_he_top1000
846,2020[Ni][nan]3[FSR]3,0.352922,16,vf_he_top1000
847,2020[Ni][nbo]3[ASR]1,0.664808,16,vf_he_top1000
848,2020[Sc][acs]3[ASR]1,0.3198,7.34916,vf_he_top1000
849,2020[Sc][ceq]3[ASR]1,0.366424,11.2303,vf_he_top1000
850,2020[SiZr][scu]3[ASR]1,0.330117,9.9199,vf_he_top1000
851,2020[ZnCd][nan]3[ASR]1,0.345034,8.63981,vf_he_top1000
852,2020[Zn][nan]3[ASR]16,0.36,11.6896,vf_he_top1000
853,2020[Zn][nan]3[ASR]56,0.352675,13.7947,vf_he_top1000
854,2020[Zn][nan]3[ASR]8,0.514298,16,vf_he_top1000
855,2020[Zn][nan]3[FSR]7,0.503919,15.8156,vf_he_top1000
856,2020[Zn][nbo]3[ASR]1,0.318653,9.75267,vf_he_top1000
857,2020[Zn][nbo]3[ASR]3,0.659361,16,vf_he_top1000
858,2020[Zn][nts]3[ASR]1,0.384391,16,vf_he_top1000
859,2020[Zn][tbo]3[ASR]1,0.386962,13.3566,vf_he_top1000
860,2020[Zr][csq]3[ASR]2,0.607476,16,vf_he_top1000
861,2020[Zr][csq]3[ASR]3,0.613539,16,vf_he_top1000
862,2020[Zr][flu]3[ASR]1,0.453572,11.4256,vf_he_top1000
863,2020[Zr][flu]3[ASR]2,0.434875,11.178,vf_he_top1000
864,2020[Zr][flu]3[ASR]3,0.551978,16,vf_he_top1000
865,2020[Zr][nan]3[ASR]1,0.371396,10.3446,vf_he_top1000
866,2020[Zr][nan]3[FSR]1,0.345976,9.93428,vf_he_top1000
867,2020[Zr][scu]3[ASR]1,0.438682,11.781,vf_he_top1000
868,2020[Zr][sod]3[ASR]1,0.645841,16,vf_he_top1000
869,2020[Zr][sqc]3[ASR]1,0.335399,8.18188,vf_he_top1000
870,2020[Zr][sqc]3[ASR]2,0.337083,8.26225,vf_he_top1000
871,2021[Al][nan]3[ASR]24,0.498905,11.0498,vf_he_top1000
872,2021[Cd][kag]3[ASR]1,0.488037,16,vf_he_top1000
873,2021[Cd][pcu]3[ASR]2,0.351446,7.69972,vf_he_top1000
874,2021[Ce][nan]3[ASR]2,0.335772,15.3588,vf_he_top1000
875,2021[Ce][nan]3[ION]1,0.268709,15.3875,d_max>15
876,2021[Ce][nbo]3[ASR]1,0.322664,15.057,vf_he_top1000
877,2021[Ce][nbo]3[ASR]2,0.317787,14.9632,vf_he_top1000
878,2021[Ce][nbo]3[FSR]1,0.271148,15.057,d_max>15
879,2021[Co][llj]3[ASR]1,0.324273,9.75634,vf_he_top1000
880,2021[Co][nan]3[ASR]11,0.39159,13.7009,vf_he_top1000
881,2021[Co][nan]3[ASR]17,0.356433,10.1852,vf_he_top1000
882,2021[Cu][lvt]3[ASR]1,0.624194,14.4845,vf_he_top1000
883,2021[Cu][nbo]3[ASR]1,0.471994,16,vf_he_top1000
884,2021[Cu][nbo]3[ASR]2,0.676579,16,vf_he_top1000
885,2021[Cu][pcu]3[ASR]3,0.400433,10.8518,vf_he_top1000
886,2021[Eu][fcu]3[ASR]1,0.407417,12.6067,vf_he_top1000
887,2021[Eu][fcu]3[ASR]2,0.433599,13.5292,vf_he_top1000
888,2021[Eu][fcu]3[FSR]1,0.423311,12.895,vf_he_top1000
889,2021[Fe][acs]3[ASR]1,0.34321,8.83427,vf_he_top1000
890,2021[Hf][sqc]3[ASR]1,0.316957,8.05148,vf_he_top1000
891,2021[Mn][nan]3[ASR]2,0.440175,15.905,vf_he_top1000
892,2021[NiW][hcb]2[ASR]1,0.36769,14.1864,vf_he_top1000
893,2021[Ni][nan]3[ASR]4,0.354667,11.3617,vf_he_top1000
894,2021[Sc][nan]3[ASR]1,0.408744,16,vf_he_top1000
895,2021[Th][fcu]3[ASR]1,0.41971,12.683,vf_he_top1000
896,2021[Th][fcu]3[FSR]1,0.409937,12.683,vf_he_top1000
897,2021[U][cds]3[ASR]1,0.378733,9.43958,vf_he_top1000
898,2021[U][cds]3[FSR]1,0.334315,9.42096,vf_he_top1000
899,2021[Y][pcu]3[ASR]1,0.396669,11.0133,vf_he_top1000
900,2021[ZnIn][nan]3[ASR]1,0.367502,14.1311,vf_he_top1000
901,2021[ZnMg][nan]3[ASR]1,0.329807,8.40944,vf_he_top1000
902,2021[Zn][dia]3[ASR]1,0.370547,8.57968,vf_he_top1000
903,2021[Zn][nan]3[ASR]1,0.361474,11.1584,vf_he_top1000
904,2021[Zn][nan]3[ASR]15,0.356173,13.8571,vf_he_top1000
905,2021[Zn][nan]3[ASR]2,0.36306,11.1794,vf_he_top1000
906,2021[Zn][nan]3[ASR]3,0.325143,7.9754,vf_he_top1000
907,2021[Zn][nan]3[ASR]4,0.343342,9.84975,vf_he_top1000
908,2021[Zn][rtl]3[ASR]2,0.415715,9.62482,vf_he_top1000
909,2021[Zn][scu]3[ASR]1,0.409697,13.0148,vf_he_top1000
910,2021[Zr][csq]3[ASR]1,0.51737,16,vf_he_top1000
911,2021[Zr][flu]3[ASR]1,0.48336,12.9406,vf_he_top1000
912,2021[Zr][reo]3[ASR]1,0.4552,16,vf_he_top1000
913,2021[Zr][reo]3[ASR]2,0.462144,16,vf_he_top1000
914,2022[Co][nan]3[ASR]1,0.353063,7.88959,vf_he_top1000
915,2022[Co][nan]3[ASR]12,0.315885,12.0246,vf_he_top1000
916,2022[Co][nan]3[ASR]13,0.349185,12.78,vf_he_top1000
917,2022[Co][nan]3[ASR]14,0.349333,11.4602,vf_he_top1000
918,2022[Cu][sql]2[ASR]1,0.444777,10.4099,vf_he_top1000
919,2022[Cu][sql]2[ASR]2,0.398518,9.8166,vf_he_top1000
920,2022[Cu][sql]2[ASR]3,0.379545,9.54455,vf_he_top1000
921,2022[Cu][sql]2[ASR]4,0.400682,9.67609,vf_he_top1000
922,2022[Cu][sql]2[ASR]5,0.404505,10.0379,vf_he_top1000
923,2022[Cu][sql]2[ASR]6,0.387367,9.64349,vf_he_top1000
924,2022[Cu][sql]2[ASR]7,0.400856,9.93014,vf_he_top1000
925,2022[Cu][tbo]3[ASR]10,0.36841,12.3165,vf_he_top1000
926,2022[Cu][tbo]3[ASR]3,0.369021,12.3295,vf_he_top1000
927,2022[Cu][tbo]3[ASR]4,0.371463,12.3229,vf_he_top1000
928,2022[Cu][tbo]3[ASR]5,0.365968,12.2814,vf_he_top1000
929,2022[Cu][tbo]3[ASR]6,0.365357,12.2773,vf_he_top1000
930,2022[Cu][tbo]3[ASR]7,0.363525,12.301,vf_he_top1000
931,2022[Cu][tbo]3[ASR]8,0.371463,12.3918,vf_he_top1000
932,2022[Cu][tbo]3[ASR]9,0.372074,12.3975,vf_he_top1000
933,2022[Mn][kgd]2[ASR]2,0.346698,10.6417,vf_he_top1000
934,2022[Nd][nan]3[ASR]1,0.349236,8.2766,vf_he_top1000
935,2022[NiFe][nan]3[ASR]1,0.339556,11.7003,vf_he_top1000
936,2022[Ni][nan]3[ASR]4,0.343111,11.7357,vf_he_top1000
937,2022[Sc][fmz]3[ASR]1,0.453332,13.1619,vf_he_top1000
938,2022[Tb][nan]3[ASR]1,0.308626,16,d_max>15
939,2022[U][srs]3[ASR]1,0.554551,16,vf_he_top1000
940,2022[U][srs]3[FSR]1,0.541055,16,vf_he_top1000
941,2022[Y][flu]3[ASR]1,0.432221,13.4462,vf_he_top1000
942,2022[Zn][nan]3[ASR]17,0.336432,12.6776,vf_he_top1000
943,2022[Zn][nan]3[ASR]21,0.321006,12.3809,vf_he_top1000
944,2022[Zn][nan]3[ASR]22,0.327151,12.4072,vf_he_top1000
945,2022[Zn][nan]3[ASR]23,0.317251,11.8679,vf_he_top1000
946,2022[Zn][nan]3[ASR]25,0.345585,12.3054,vf_he_top1000
947,2022[Zn][nan]3[ASR]4,0.336312,10.3078,vf_he_top1000
948,2022[Zn][nan]3[ASR]5,0.366196,11.1685,vf_he_top1000
949,2022[Zn][nan]3[ASR]6,0.365974,11.14,vf_he_top1000
950,2022[Zn][nan]3[ASR]7,0.365862,11.1421,vf_he_top1000
951,2022[Zn][nan]3[FSR]25,0.320665,12.3054,vf_he_top1000
952,2022[Zn][rtl]3[ASR]1,0.499719,11.1902,vf_he_top1000
953,2022[Zr][bcu]3[ASR]1,0.459458,10.9341,vf_he_top1000
954,2022[Zr][scu]3[ASR]1,0.64647,16,vf_he_top1000
955,2022[Zr][she]3[ASR]1,0.581815,16,vf_he_top1000
956,2022[Zr][sqc]3[ASR]1,0.382479,10.2595,vf_he_top1000
957,2023[AlCu][scu]3[ASR]1,0.364325,13.8785,vf_he_top1000
958,2023[Cd][nan]3[ASR]8,0.364066,9.348,vf_he_top1000
959,2023[Co][nan]3[ASR]12,0.349333,11.0109,vf_he_top1000
960,2023[Co][nan]3[ASR]13,0.349333,10.9922,vf_he_top1000
961,2023[Co][nan]3[ASR]9,0.494936,12.9568,vf_he_top1000
962,2023[CuSc][flu]3[ASR]1,0.349136,10.5678,vf_he_top1000
963,2023[Cu][ctn]3[ASR]1,0.434803,9.20196,vf_he_top1000
964,2023[Cu][nan]3[ASR]5,0.41488,11.0172,vf_he_top1000
965,2023[Cu][nan]3[ASR]6,0.498082,12.2998,vf_he_top1000
966,2023[Cu][nan]3[ASR]7,0.493699,13.0724,vf_he_top1000
967,2023[Cu][nan]3[ASR]8,0.481111,11.4338,vf_he_top1000
968,2023[Cu][nan]3[ASR]9,0.451027,10.3932,vf_he_top1000
969,2023[Cu][nbo]3[ASR]1,0.368595,9.60555,vf_he_top1000
970,2023[Cu][pts]3[ION]1,0.364696,9.47869,vf_he_top1000
971,2023[Eu][nan]3[ASR]2,0.428947,16,vf_he_top1000
972,2023[Eu][nan]3[FSR]2,0.401825,16,vf_he_top1000
973,2023[Fe][ant]3[ASR]1,0.328594,11.2177,vf_he_top1000
974,2023[Fe][nbo]3[ASR]1,0.32389,9.86615,vf_he_top1000
975,2023[Fe][xmz]3[ASR]3,0.31606,10.1216,vf_he_top1000
976,2023[Hf][flu]3[ASR]1,0.363765,9.14637,vf_he_top1000
977,2023[Hf][flu]3[ASR]2,0.364493,9.26028,vf_he_top1000
978,2023[Hf][flu]3[ASR]3,0.349815,8.86084,vf_he_top1000
979,2023[Hf][flu]3[ASR]4,0.356036,8.8501,vf_he_top1000
980,2023[Hf][hcp]3[ASR]1,0.433456,14.6509,vf_he_top1000
981,2023[In][neb]3[ASR]1,0.323065,7.75162,vf_he_top1000
982,2023[In][neb]3[ASR]4,0.316321,9.11563,vf_he_top1000
983,2023[In][nht]3[ASR]2,0.334167,11.1643,vf_he_top1000
984,2023[Mn][nan]3[ASR]1,0.423895,12.2475,vf_he_top1000
985,2023[Ni][acs]3[ASR]1,0.47181,11.1151,vf_he_top1000
986,2023[Ni][nan]3[ASR]2,0.358222,11.3519,vf_he_top1000
987,2023[U][bcu]3[ASR]1,0.492967,14.4892,vf_he_top1000
988,2023[Yb][the]3[ASR]1,0.46314,16,vf_he_top1000
989,2023[Zn][ant]3[ASR]1,0.393511,10.8952,vf_he_top1000
990,2023[Zn][hmc]3[ASR]1,0.403608,13.8972,vf_he_top1000
991,2023[Zn][pcu]3[ASR]1,0.350494,8.83956,vf_he_top1000
992,2023[Zn][srs]3[ASR]1,0.344217,7.10295,vf_he_top1000
993,2023[Zr][hcp]3[ASR]1,0.437495,14.8303,vf_he_top1000
994,2023[Zr][nbo]3[ASR]1,0.648962,16,vf_he_top1000
995,2023[Zr][reo]3[ASR]1,0.434752,16,vf_he_top1000
996,2023[Zr][reo]3[ASR]2,0.437824,16,vf_he_top1000
997,2023[Zr][reo]3[ASR]3,0.393088,14.2359,vf_he_top1000
998,2023[Zr][reo]3[ASR]4,0.38944,13.5767,vf_he_top1000
999,2024[Cd][nan]3[ASR]1,0.410896,15.6962,vf_he_top1000
1000,2024[Cd][nan]3[ASR]4,0.410896,15.6962,vf_he_top1000
1001,2024[Cu][lvt]3[ASR]1,0.381628,8.99904,vf_he_top1000
1002,2024[Tb][tfz]3[ASR]1,0.372847,9.58076,vf_he_top1000
1003,2024[Zn][pcu]3[ASR]1,0.577731,14.4101,vf_he_top1000
1004,2024[Zn][pcu]3[ASR]2,0.480167,13.8293,vf_he_top1000
1005,2024[Zn][pcu]3[FSR]3,0.489811,12.6854,vf_he_top1000
1006,2024[Zr][bcu]3[ASR]1,0.498127,15.236,vf_he_top1000
1007,2024[Zr][flu]3[ASR]1,0.349441,7.71501,vf_he_top1000
