# Uniform random sample for the Figure 4 interim plan. seed=20260903; population = 9,167 coordinate-distinct groups of the frozen 12,499 (benchmark/frozen/coord_keys.json); representative = lexicographically first coreid in each group; draw = python random.Random(20260903).sample(sorted(reps), 1500). RECORDED BEFORE ANY RUN. Skip this line.
n,structure_id
1,0000[AsCd][cds]3[ASR]1
2,0000[Cd][fsc]3[ASR]1
3,0000[Cd][nan]2[ASR]2
4,0000[Cd][nan]3[ASR]10
5,0000[Cd][nan]3[ASR]13
6,0000[Cd][nan]3[ASR]8
7,0000[Cd][nbo]3[ASR]1
8,0000[Cd][sql]2[ASR]4
9,0000[Ce][ant]3[ASR]1
10,0000[Co][ins]3[ASR]3
11,0000[Co][nan]2[ASR]3
12,0000[Co][nan]2[ASR]4
13,0000[Co][nan]3[ASR]13
14,0000[Co][nan]3[ASR]15
15,0000[Co][nan]3[ASR]3
16,0000[Co][nan]3[ASR]6
17,0000[Co][pcu]3[ASR]2
18,0000[Co][rho]3[ASR]1
19,0000[Co][sit]3[ASR]1
20,0000[Co][sql]2[ASR]3
21,0000[Co][sxb]3[ASR]1
22,0000[CuNd][jaj]3[ASR]1
23,0000[CuZr][flu]3[ASR]1
24,0000[Cu][tbo]3[ASR]1
25,0000[Cu][ths]3[ASR]2
26,0000[DyCu][sqc]3[ASR]1
27,0000[Dy][sqc]3[ASR]1
28,0000[Eu][hcb]2[ASR]1
29,0000[Eu][sqc]3[ASR]1
30,0000[Fe][acs]3[ASR]1
31,0000[Ho][dia]3[FSR]1
32,0000[La][nan]3[FSR]1
33,0000[Mg][sra]3[ASR]1
34,0000[Sm][bcu]3[ASR]1
35,0000[Tb][nan]2[ASR]1
36,0000[Tb][pcu]3[ASR]1
37,0000[Tb][rtl]3[ASR]1
38,0000[Tb][tcs]3[ASR]1
39,0000[U][pcu]3[ASR]1
40,0000[Zn][hcb]2[ASR]2
41,0000[Zn][ith]3[ASR]1
42,0000[Zn][kgd]2[ASR]1
43,0000[Zn][nan]2[ASR]2
44,0000[Zn][nan]3[ASR]4
45,0000[Zn][nan]3[ASR]9
46,0000[Zn][pcu]3[ASR]3
47,0000[Zn][sql]2[ASR]1
48,0000[Zn][sra]3[ASR]1
49,1993[CoCu][tfk]3[FSR]1
50,1998[In][nan]3[ASR]1
51,1998[La][nan]3[ASR]1
52,1998[MoCu][nan]3[FSR]1
53,1998[Nd][sqc]3[ASR]1
54,1998[Ni][pcu]3[ASR]1
55,1999[Mn][pcu]3[ASR]1
56,1999[Zn][nan]3[ION]1
57,2000[Al][nan]3[ASR]1
58,2000[Cu][dia]3[ION]1
59,2000[Mn][lvt]2[FSR]1
60,2001[Cd][nan]3[ASR]1
61,2001[La][nan]3[FSR]1
62,2001[Zn][nan]3[ASR]1
63,2001[Zn][sab]3[ASR]1
64,2001[Zn][sit]3[ASR]1
65,2002[Cd][nan]3[ION]1
66,2002[Cd][scu]3[ASR]1
67,2002[Ga][nan]3[ION]1
68,2002[Lu][ins]3[FSR]1
69,2002[MoNi][nan]3[FSR]1
70,2003[Co][pts]3[ASR]1
71,2003[Cu][rob]3[ASR]6
72,2003[V][fsc]3[ASR]1
73,2003[V][sea]3[ASR]1
74,2003[Zn][nan]3[ASR]2
75,2004[Ag][pts]3[ASR]1
76,2004[Cd][dia]3[FSR]1
77,2004[Cd][nan]3[FSR]1
78,2004[Cr][reo]3[ASR]1
79,2004[Cu][asf]3[ASR]2
80,2004[Ho][pcu]3[ASR]1
81,2004[In][tcs]3[ASR]1
82,2004[La][lhb]3[ION]1
83,2004[La][nan]3[ASR]1
84,2004[Mn][dia]3[ASR]2
85,2004[Mn][dia]3[ASR]4
86,2004[Mn][fet]3[ASR]2
87,2004[Pr][nan]3[ASR]1
88,2004[Tb][mog]3[ASR]1
89,2005[Co][dia]3[ASR]3
90,2005[Co][nan]3[ASR]5
91,2005[Cu][eta]3[ASR]1
92,2005[Cu][sxd]3[ASR]1
93,2005[Er][nan]3[ASR]1
94,2005[Fe][bpq]3[ASR]1
95,2005[Fe][nan]3[ASR]1
96,2005[Mn][lvt]2[ASR]10
97,2005[Mn][lvt]2[ASR]2
98,2005[Mn][lvt]2[ASR]6
99,2005[Mn][lvt]2[ASR]8
100,2005[Mn][lvt]3[FSR]4
101,2005[Nd][sqc]3[FSR]1
102,2005[Pr][noy]3[ASR]1
103,2005[Sc][rob]3[ION]1
104,2005[ZnU][nan]3[ASR]1
105,2005[ZnU][nan]3[FSR]1
106,2005[Zn][dia]3[ASR]1
107,2005[Zn][nan]3[ASR]1
108,2005[Zn][nan]3[ASR]2
109,2005[Zn][nan]3[ASR]6
110,2005[Zn][rtl]3[ION]1
111,2005[Zn][srs]3[ASR]6
112,2005[Zn][srs]3[ASR]8
113,2006[CoAg][utp]3[ASR]1
114,2006[Co][mot]3[FSR]1
115,2006[Co][nan]3[ASR]7
116,2006[Cu][bcu]3[ASR]1
117,2006[Cu][nan]2[ASR]1
118,2006[Cu][sra]3[ASR]1
119,2006[Cu][sra]3[ION]1
120,2006[Dy][nan]3[ASR]1
121,2006[Er][tfz]3[ASR]1
122,2006[Fe][nan]3[ASR]2
123,2006[La][bnn]3[ASR]1
124,2006[Mn][dia]3[ASR]2
125,2006[Mn][dia]3[ASR]3
126,2006[Mn][fsc]3[ASR]1
127,2006[NiMo][nan]3[ASR]1
128,2006[Ni][ins]3[ASR]1
129,2006[Pr][fsc]3[ASR]1
130,2006[V][nan]3[ASR]4
131,2006[V][nan]3[FSR]4
132,2006[Zn][dia]3[ASR]7
133,2006[Zn][nan]3[ASR]5
134,2007[AgGa][ths]3[ION]2
135,2007[AgIn][ths]3[ION]1
136,2007[CdFe][pcu]3[ASR]1
137,2007[Cd][dia]3[ASR]2
138,2007[Cd][dia]3[ASR]6
139,2007[CeZr][pth]3[FSR]1
140,2007[Co][nou]3[FSR]1
141,2007[CuEu][nan]3[FSR]1
142,2007[CuMn][pcu]3[ASR]1
143,2007[CuNd][stp]3[ASR]1
144,2007[CuPr][nan]3[FSR]1
145,2007[Cu][dia]3[ASR]2
146,2007[Cu][nan]3[ASR]2
147,2007[Cu][nbo]3[ASR]2
148,2007[DyCu][nan]3[ASR]1
149,2007[ErRu][tfi]3[ASR]1
150,2007[EuCu][nan]3[ASR]1
151,2007[Fe][dia]3[ASR]12
152,2007[Fe][dia]3[ASR]21
153,2007[KCu][nan]3[ION]1
154,2007[Mn][dia]3[ASR]1
155,2007[Mn][nan]3[ASR]1
156,2007[Nd][bcu]3[ASR]1
157,2007[Nd][nan]3[ASR]3
158,2007[Ni][dia]3[ASR]1
159,2007[Ni][dia]3[ASR]2
160,2007[Ni][pcu]3[ASR]3
161,2007[PrSb][dia]3[FSR]1
162,2007[Pr][bnn]3[ASR]1
163,2007[WCu][pcu]3[FSR]1
164,2007[ZnSm][stp]3[FSR]1
165,2007[Zn][nan]3[ASR]2
166,2007[Zn][nan]3[ASR]9
167,2007[Zn][nan]3[FSR]7
168,2007[Zn][ths]3[ASR]1
169,2008[Ag][nan]3[FSR]1
170,2008[BiPr][sra]3[ION]1
171,2008[Cd][nan]3[ASR]2
172,2008[Cd][rho]3[ASR]1
173,2008[Cd][rho]3[ASR]2
174,2008[Cd][rho]3[FSR]2
175,2008[Cd][sxd]3[ASR]1
176,2008[Co][dia]3[ASR]2
177,2008[Co][mog]3[ASR]1
178,2008[Co][pcu]3[ASR]1
179,2008[CuLa][nan]3[ASR]2
180,2008[CuW][acs]3[ASR]1
181,2008[Cu][dia]3[FSR]3
182,2008[Cu][nan]3[ASR]3
183,2008[Cu][nan]3[ASR]4
184,2008[Cu][pcu]3[ASR]1
185,2008[Gd][nan]3[ASR]3
186,2008[Gd][pcu]3[ASR]1
187,2008[In][dia]3[ASR]5
188,2008[In][dia]3[ION]1
189,2008[Mn][etd]3[ION]1
190,2008[Mn][fet]3[FSR]1
191,2008[Mn][nan]3[ASR]2
192,2008[Mn][nan]3[FSR]2
193,2008[Nd][nan]3[ASR]2
194,2008[Nd][nan]3[FSR]2
195,2008[NiMo][nan]3[ASR]1
196,2008[Ni][ins]3[ASR]1
197,2008[Ni][mot]3[FSR]1
198,2008[Ni][nan]3[ASR]3
199,2008[Ni][tfz]3[ASR]1
200,2008[Sm][nan]3[ASR]1
201,2008[UZn][nan]3[ION]1
202,2008[ZnMn][nan]3[ASR]1
203,2008[ZnSi][cds]3[ASR]1
204,2008[ZnSm][nan]3[ASR]1
205,2008[Zn][ant]3[ASR]1
206,2008[Zn][nan]3[ASR]1
207,2008[Zn][nan]3[ASR]7
208,2008[Zn][nan]3[ASR]8
209,2008[Zn][nan]3[FSR]9
210,2008[Zn][pcu]3[ASR]4
211,2008[Zn][pcu]3[ASR]7
212,2008[Zn][pcu]3[FSR]8
213,2008[Zn][sqc]3[ASR]1
214,2008[Zn][srs]3[ASR]1
215,2008[Zn][srs]3[ASR]6
216,2008[Zn][srs]3[ASR]8
217,2008[Zn][ths]3[ASR]1
218,2009[AgHo][nan]3[ASR]1
219,2009[Ag][nbo]3[ION]4
220,2009[Al][bpq]3[ASR]1
221,2009[Cd][dia]3[ASR]4
222,2009[Cd][gpu]3[ASR]1
223,2009[Cd][met]3[ASR]1
224,2009[Cd][nan]3[ASR]1
225,2009[Cd][nan]3[ASR]3
226,2009[Cd][nuc]3[ASR]2
227,2009[Cd][pts]3[ASR]1
228,2009[Cd][rho]3[ASR]1
229,2009[Co][dia]3[ASR]1
230,2009[Co][pcu]3[ASR]3
231,2009[Cu][hex]3[ASR]1
232,2009[Cu][tbo]3[ASR]2
233,2009[Cu][tbo]3[ASR]4
234,2009[Cu][tbo]3[ASR]7
235,2009[ErAg][nan]3[ASR]1
236,2009[Eu][pts]3[FSR]1
237,2009[HoAg][nan]3[ASR]1
238,2009[LaAg][nan]3[ASR]1
239,2009[La][nan]3[ASR]1
240,2009[La][nan]3[ION]1
241,2009[MgIn][rho]3[ION]1
242,2009[Ni][acs]3[ASR]1
243,2009[Ni][pyr]3[ASR]1
244,2009[Ni][tfz]3[ASR]1
245,2009[Sm][pcu]3[ASR]1
246,2009[U][nan]3[FSR]1
247,2009[Yb][rtl]3[ASR]1
248,2009[ZnCd][nan]3[ASR]1
249,2009[ZnPtAu][pth]3[ASR]1
250,2009[Zn][dia]3[ASR]4
251,2009[Zn][dia]3[FSR]2
252,2009[Zn][nan]3[ASR]3
253,2009[Zn][nan]3[ASR]5
254,2009[Zn][npo]3[ASR]1
255,2009[Zn][pcu]3[ASR]6
256,2009[Zn][srs]3[FSR]1
257,2010[AgTb][nan]3[ASR]2
258,2010[Ag][nan]3[ION]1
259,2010[Ag][pts]3[ASR]1
260,2010[Bi][dia]3[ASR]1
261,2010[Cd][dia]3[ASR]5
262,2010[Cd][dia]3[FSR]4
263,2010[Cd][nan]3[ASR]13
264,2010[Cd][nan]3[ASR]8
265,2010[Cd][nan]3[FSR]1
266,2010[Cd][nuc]3[ASR]5
267,2010[Cd][nuc]3[ASR]6
268,2010[Cd][nuc]3[ASR]7
269,2010[Cd][nuc]3[ION]13
270,2010[Cd][nuc]3[ION]7
271,2010[Cd][nuc]3[ION]9
272,2010[Cd][pcu]3[ASR]1
273,2010[Cd][pts]3[ASR]1
274,2010[Cd][sqc]3[ASR]1
275,2010[CoLa][pcu]3[ASR]1
276,2010[Co][lvt]3[ASR]1
277,2010[Co][nan]3[ASR]4
278,2010[Co][nan]3[ASR]6
279,2010[Co][pcu]3[ASR]3
280,2010[Co][tfz]3[ASR]1
281,2010[Cr][bpq]3[ASR]1
282,2010[CuLa][nan]3[ASR]1
283,2010[Cu][bor]3[ION]2
284,2010[Cu][nan]3[ASR]15
285,2010[Cu][nan]3[ASR]20
286,2010[Cu][nan]3[ASR]25
287,2010[Cu][nan]3[ASR]28
288,2010[Cu][nts]3[ASR]1
289,2010[Cu][nts]3[ASR]2
290,2010[Dy][pcu]3[ASR]1
291,2010[Eu][flu]3[ASR]1
292,2010[Eu][rtl]3[FSR]1
293,2010[Fe][bpq]3[FSR]3
294,2010[Gd][rtl]3[ASR]1
295,2010[La][flu]3[ASR]1
296,2010[La][flu]3[FSR]2
297,2010[La][flu]3[FSR]3
298,2010[La][nan]3[FSR]1
299,2010[Mn][nan]3[ASR]2
300,2010[Mn][pts]3[ASR]1
301,2010[Mn][ths]3[ASR]1
302,2010[Mo][nan]3[ASR]1
303,2010[Nd][nan]3[ASR]3
304,2010[Nd][nan]3[FSR]3
305,2010[Nd][rtl]3[FSR]1
306,2010[Ni][nan]3[ASR]2
307,2010[Pr][sxb]3[ASR]1
308,2010[Sm][flu]3[ASR]1
309,2010[Sm][rtl]3[ASR]1
310,2010[Sm][rtl]3[FSR]1
311,2010[Tb][nan]3[ASR]1
312,2010[U][pts]3[ASR]1
313,2010[Y][rtl]3[ASR]1
314,2010[YbCo][pth]3[FSR]1
315,2010[Zn][ins]3[ASR]1
316,2010[Zn][jeb]3[FSR]1
317,2010[Zn][lcy]3[ASR]1
318,2010[Zn][nan]3[ASR]2
319,2010[Zn][nan]3[ASR]22
320,2010[Zn][nan]3[ASR]8
321,2010[Zn][neb]3[ASR]1
322,2010[Zn][neb]3[ASR]2
323,2010[Zn][pcu]3[FSR]3
324,2010[Zn][pyr]3[ASR]1
325,2010[Zn][srs]3[ASR]2
326,2010[Zn][srs]3[ASR]3
327,2010[Zn][ttt]3[ASR]1
328,2011[Ag][nan]3[ASR]4
329,2011[Cd][dmp]3[ION]1
330,2011[Cd][flu]3[ASR]1
331,2011[Cd][nan]3[FSR]1
332,2011[Cd][scu]3[ASR]1
333,2011[Cd][sql]2[FSR]1
334,2011[Cd][zzz]3[ASR]1
335,2011[CeCu][stp]3[ASR]1
336,2011[Ce][nan]3[ASR]1
337,2011[Co][dia]3[ASR]4
338,2011[Co][hex]3[ASR]2
339,2011[Co][mok]3[ASR]1
340,2011[Co][nan]3[ASR]10
341,2011[Co][nan]3[ASR]8
342,2011[Co][nan]3[FSR]11
343,2011[Co][rtl]3[ASR]3
344,2011[CuNd][stp]3[ASR]1
345,2011[CuW][ths]3[ASR]2
346,2011[Cu][bcu]3[ASR]1
347,2011[Cu][dia]3[ASR]1
348,2011[Cu][lvt]3[ASR]3
349,2011[Cu][nan]3[ASR]4
350,2011[Cu][nan]3[ASR]6
351,2011[Cu][nan]3[ASR]7
352,2011[Cu][nts]3[ASR]1
353,2011[Cu][pto]3[ASR]1
354,2011[Cu][pts]3[ASR]3
355,2011[Er][bnn]3[ASR]1
356,2011[Er][ecu]3[ASR]2
357,2011[Er][nan]3[ASR]1
358,2011[EuCo][nan]3[ION]1
359,2011[Eu][cds]3[FSR]1
360,2011[Eu][flu]3[ASR]1
361,2011[Eu][flu]3[FSR]1
362,2011[FeAg][nan]3[ION]1
363,2011[FeHo][nan]3[FSR]1
364,2011[Gd][llj]3[ION]1
365,2011[Gd][nan]3[ASR]7
366,2011[Gd][sra]3[ASR]1
367,2011[HoCu][stp]3[ASR]2
368,2011[La][cds]3[FSR]1
369,2011[La][nan]3[ASR]2
370,2011[La][nan]3[FSR]1
371,2011[Mg][nan]3[ASR]3
372,2011[Mn][gra]3[ASR]1
373,2011[Mn][nan]2[FSR]1
374,2011[Mn][nan]3[ASR]1
375,2011[Nd][mog]3[FSR]1
376,2011[Nd][nan]3[FSR]1
377,2011[Nd][rob]3[ASR]3
378,2011[Ni][nan]3[ASR]1
379,2011[Sc][nan]3[ASR]7
380,2011[Sm][flu]3[ASR]1
381,2011[Tb][nan]3[FSR]2
382,2011[U][gfy]3[FSR]1
383,2011[U][mab]3[ION]1
384,2011[U][nan]3[FSR]1
385,2011[V][bpq]3[ASR]2
386,2011[V][bpq]3[ASR]4
387,2011[V][bpq]3[ASR]8
388,2011[V][ths]3[ASR]1
389,2011[Yb][nan]3[ASR]1
390,2011[Zn][acs]3[ASR]1
391,2011[Zn][bbf]3[ASR]1
392,2011[Zn][dmp]3[ASR]3
393,2011[Zn][gra]3[ASR]1
394,2011[Zn][hcb]2[FSR]1
395,2011[Zn][moa]3[ASR]1
396,2011[Zn][nan]3[ASR]12
397,2011[Zn][nan]3[ASR]13
398,2011[Zn][nan]3[ASR]15
399,2011[Zn][nan]3[ASR]22
400,2011[Zn][nan]3[ASR]29
401,2011[Zn][nan]3[ASR]32
402,2011[Zn][nan]3[ASR]8
403,2011[Zn][nan]3[ION]2
404,2011[Zn][pcu]3[ASR]16
405,2011[Zn][pcu]3[ASR]6
406,2011[Zn][pts]3[ION]1
407,2011[Zn][sod]3[ASR]1
408,2011[Zn][srs]3[ASR]1
409,2011[Zn][srs]3[ASR]8
410,2012[Ag][nbo]3[ION]1
411,2012[Cd][cds]3[FSR]1
412,2012[Cd][dia]3[ASR]1
413,2012[Cd][dia]3[ASR]3
414,2012[Cd][dia]3[ASR]4
415,2012[Cd][etb]3[ASR]1
416,2012[Cd][nan]3[FSR]6
417,2012[Ce][nan]3[FSR]2
418,2012[CoGd][nan]3[ASR]1
419,2012[CoLu][nan]3[ION]1
420,2012[Co][dia]3[ASR]1
421,2012[Co][dia]3[ASR]2
422,2012[Co][ecu]3[ASR]6
423,2012[Co][ecu]3[ASR]7
424,2012[Co][jeb]3[FSR]1
425,2012[Co][msq]3[ASR]1
426,2012[Co][nan]3[ASR]2
427,2012[Co][nan]3[ASR]9
428,2012[Co][ncb]3[ASR]1
429,2012[Co][pcu]3[ASR]11
430,2012[Co][pcu]3[ION]1
431,2012[CuMn][dia]3[ASR]1
432,2012[CuSi][scu]3[ASR]1
433,2012[Cu][bpq]3[ASR]1
434,2012[Cu][pcu]3[ASR]1
435,2012[Cu][qtz]3[ASR]1
436,2012[Cu][sra]3[ASR]2
437,2012[Cu][tbo]3[ASR]2
438,2012[Cu][tbo]3[ASR]6
439,2012[Cu][ths]3[ASR]1
440,2012[Cu][ths]3[ASR]2
441,2012[Eu][nan]3[FSR]3
442,2012[Eu][nan]3[FSR]5
443,2012[FeZr][csq]3[ASR]2
444,2012[FeZr][csq]3[FSR]1
445,2012[Fe][sql]2[ASR]1
446,2012[GdCo][nan]3[FSR]1
447,2012[Gd][nan]3[ASR]6
448,2012[In][dia]3[ASR]6
449,2012[La][hex]3[FSR]1
450,2012[La][nan]3[FSR]2
451,2012[Mg][nan]3[ASR]2
452,2012[Mg][nan]3[ASR]4
453,2012[Mg][nan]3[FSR]1
454,2012[MnNaCu][nan]3[ION]1
455,2012[Mn][pcu]3[ASR]2
456,2012[Mn][pcu]3[ASR]4
457,2012[Nd][nan]3[ASR]3
458,2012[Nd][nan]3[ASR]4
459,2012[Ni][qtz]3[FSR]1
460,2012[PrCo][nan]3[ASR]1
461,2012[Pr][nan]3[FSR]1
462,2012[Sm][nan]3[FSR]4
463,2012[Tb][hex]3[ASR]1
464,2012[Tb][nan]3[ASR]4
465,2012[Tb][nan]3[FSR]4
466,2012[Tb][pcu]3[ASR]1
467,2012[UAg][nan]3[ASR]1
468,2012[Yb][mog]3[ASR]1
469,2012[ZnCu][idp]3[ASR]1
470,2012[ZnEu][nan]3[ASR]1
471,2012[ZnU][nan]3[ASR]1
472,2012[Zn][acs]3[ASR]3
473,2012[Zn][dia]3[ASR]2
474,2012[Zn][dmp]3[ASR]2
475,2012[Zn][fsc]3[ASR]1
476,2012[Zn][nan]3[ASR]16
477,2012[Zn][nan]3[ASR]2
478,2012[Zn][nan]3[ASR]37
479,2012[Zn][nan]3[ASR]8
480,2012[Zn][nan]3[FSR]26
481,2012[Zn][nbo]3[ASR]3
482,2012[Zn][pcu]3[ASR]11
483,2012[Zn][pcu]3[ASR]7
484,2012[Zn][raa]3[ASR]7
485,2012[Zn][rtl]3[ION]1
486,2012[Zn][sod]3[ASR]4
487,2012[Zn][srs]3[ASR]2
488,2013[Ag][lvt]3[ASR]1
489,2013[CdSi][bcu]3[ASR]1
490,2013[CdSi][flu]3[FSR]1
491,2013[Cd][dia]3[ASR]4
492,2013[Cd][nan]3[ASR]1
493,2013[Cd][nan]3[ASR]3
494,2013[Cd][nan]3[FSR]5
495,2013[Cd][pcu]3[ASR]4
496,2013[Cd][pcu]3[ION]1
497,2013[Ce][ant]3[FSR]1
498,2013[Ce][dia]3[ASR]1
499,2013[Ce][nan]3[ASR]6
500,2013[Ce][nan]3[ASR]7
501,2013[Ce][nan]3[FSR]1
502,2013[CoPr][nan]3[FSR]1
503,2013[Co][ins]3[ASR]1
504,2013[Co][lvt]3[ASR]1
505,2013[Co][nan]3[ASR]12
506,2013[Co][nan]3[ASR]14
507,2013[Co][nan]3[ASR]19
508,2013[Co][nan]3[ASR]7
509,2013[Co][nan]3[FSR]1
510,2013[Co][nan]3[FSR]8
511,2013[Co][pcu]3[ASR]3
512,2013[Co][pcu]3[FSR]4
513,2013[Co][tfz]3[ASR]1
514,2013[CuEu][nan]3[FSR]1
515,2013[CuMn][nan]3[ASR]1
516,2013[Cu][cds]3[FSR]1
517,2013[Cu][nan]3[ASR]1
518,2013[Cu][nan]3[ASR]6
519,2013[Cu][nan]3[ASR]9
520,2013[Cu][nan]3[FSR]3
521,2013[Cu][nbo]3[ASR]1
522,2013[Cu][pcu]3[ASR]2
523,2013[Cu][pts]3[ASR]3
524,2013[Cu][sqc]2[FSR]1
525,2013[Cu][ubt]3[ASR]1
526,2013[Dy][dia]3[ASR]1
527,2013[Er][nan]3[FSR]2
528,2013[Eu][nan]3[ASR]10
529,2013[Eu][nan]3[ASR]4
530,2013[Gd][pcu]3[FSR]1
531,2013[Hf][bct]3[ASR]1
532,2013[La][nan]3[FSR]4
533,2013[Mg][acs]3[ASR]5
534,2013[Mn][nan]3[ASR]2
535,2013[MoNi][nan]3[FSR]1
536,2013[NiCd][nan]3[ASR]1
537,2013[Ni][dia]3[FSR]2
538,2013[Ni][hex]3[ASR]1
539,2013[Ni][hms]3[ASR]2
540,2013[Ni][nan]3[ASR]2
541,2013[Ni][sit]3[ASR]2
542,2013[Ni][xmz]3[ASR]5
543,2013[Pb][dia]3[ASR]1
544,2013[SiCu][pcu]3[ASR]1
545,2013[Sm][pts]3[FSR]1
546,2013[Tb][dia]3[ASR]1
547,2013[Tb][pcu]3[ION]1
548,2013[Tb][umc]3[ASR]2
549,2013[Tm][nan]3[ASR]1
550,2013[Tm][nan]3[FSR]2
551,2013[Tm][pcu]3[FSR]1
552,2013[U][fcu]3[ASR]1
553,2013[WCo][mmo]3[FSR]1
554,2013[Y][nan]3[FSR]1
555,2013[Y][nan]3[FSR]3
556,2013[Yb][dia]3[FSR]1
557,2013[ZnCr][lon]3[ASR]1
558,2013[ZnCr][lon]3[ASR]2
559,2013[ZnCr][lon]3[ASR]5
560,2013[ZnCr][lon]3[ASR]7
561,2013[ZnMo][nan]3[FSR]1
562,2013[ZnSi][flu]3[ASR]1
563,2013[ZnSi][flu]3[FSR]1
564,2013[ZnSi][nan]3[ASR]1
565,2013[Zn][bbf]3[ASR]1
566,2013[Zn][crb]3[ASR]4
567,2013[Zn][crb]3[ASR]5
568,2013[Zn][dia]3[ASR]13
569,2013[Zn][idp]3[ASR]1
570,2013[Zn][ins]3[FSR]2
571,2013[Zn][nan]2[ASR]2
572,2013[Zn][nan]3[ASR]2
573,2013[Zn][nan]3[FSR]10
574,2013[Zn][nan]3[FSR]12
575,2013[Zn][nan]3[FSR]34
576,2013[Zn][nan]3[FSR]5
577,2013[Zn][pcu]3[ASR]5
578,2013[Zn][pcu]3[ASR]6
579,2013[Zn][pts]3[ASR]3
580,2013[Zn][rtl]3[ASR]5
581,2013[Zn][rtl]3[ION]1
582,2013[Zn][sod]3[ASR]1
583,2013[Zn][sod]3[ASR]3
584,2013[Zn][ths]3[ASR]12
585,2013[Zn][ths]3[ASR]3
586,2013[Zn][ths]3[ASR]6
587,2013[Zn][ths]3[ASR]7
588,2013[Zn][ths]3[ASR]8
589,2013[Zn][uni]3[ASR]5
590,2013[Zn][uni]3[ASR]9
591,2013[Zn][uni]3[FSR]11
592,2013[Zr][nan]3[ASR]1
593,2013[Zr][reo]3[ASR]2
594,2014[Ag][mtn]3[ASR]2
595,2014[Al][nan]3[ASR]5
596,2014[Cd][dmp]3[ASR]1
597,2014[Cd][nan]3[ASR]13
598,2014[Cd][nan]3[FSR]16
599,2014[Cd][nan]3[FSR]5
600,2014[Cd][pcu]3[ASR]6
601,2014[Cd][pcu]3[ASR]7
602,2014[Cd][pcu]3[FSR]2
603,2014[Cd][pts]3[ASR]2
604,2014[Cd][rtl]3[ASR]1
605,2014[Cd][rtl]3[FSR]1
606,2014[Ce][nan]3[ASR]1
607,2014[Ce][nan]3[ASR]2
608,2014[CoPr][pcu]3[ION]1
609,2014[Co][acs]3[ASR]1
610,2014[Co][bcg]3[ASR]1
611,2014[Co][bcu]3[ASR]1
612,2014[Co][dia]3[ASR]1
613,2014[Co][nan]3[ASR]11
614,2014[Co][nan]3[ASR]15
615,2014[Co][nan]3[ASR]16
616,2014[Co][nan]3[ASR]25
617,2014[Co][nan]3[ASR]6
618,2014[Co][nan]3[FSR]4
619,2014[CrMn][nan]3[ASR]1
620,2014[CuLa][flt]3[ASR]1
621,2014[CuTm][nan]3[ASR]1
622,2014[Cu][acs]3[ASR]5
623,2014[Cu][acs]3[FSR]3
624,2014[Cu][bcu]3[ASR]3
625,2014[Cu][bcu]3[ASR]5
626,2014[Cu][dia]3[ASR]1
627,2014[Cu][dia]3[ASR]3
628,2014[Cu][dia]3[ASR]4
629,2014[Cu][dia]3[ASR]7
630,2014[Cu][nan]3[ASR]1
631,2014[Cu][nan]3[ASR]20
632,2014[Cu][nan]3[ASR]21
633,2014[Cu][nan]3[ASR]26
634,2014[Cu][nan]3[ASR]3
635,2014[Cu][nan]3[ASR]6
636,2014[Cu][pcu]3[ION]1
637,2014[Cu][pts]3[ASR]1
638,2014[Cu][tbo]3[ASR]13
639,2014[Cu][tbo]3[ASR]8
640,2014[Er][vmd]3[ASR]1
641,2014[Eu][esg]3[ASR]1
642,2014[Eu][nan]3[ASR]4
643,2014[Eu][nan]3[ASR]8
644,2014[Eu][nan]3[FSR]7
645,2014[Fe][acs]3[ASR]2
646,2014[Fe][nan]3[ASR]9
647,2014[Ga][bpq]3[ASR]1
648,2014[GdCu][nan]3[FSR]1
649,2014[Gd][fsc]3[ASR]1
650,2014[In][nan]3[ASR]1
651,2014[In][nan]3[ASR]3
652,2014[In][unc]3[ASR]1
653,2014[La][nan]3[ASR]1
654,2014[Mg][nan]3[ASR]4
655,2014[Mn][nan]3[ASR]12
656,2014[Mn][nan]3[ASR]14
657,2014[Nd][flu]3[ASR]1
658,2014[Ni][nan]2[FSR]1
659,2014[Ni][nan]3[ASR]6
660,2014[Ni][nan]3[FSR]2
661,2014[Ni][nan]3[FSR]4
662,2014[Sc][nan]3[ASR]9
663,2014[Tb][nan]3[ASR]1
664,2014[Tb][nan]3[ASR]2
665,2014[Tb][nan]3[ASR]3
666,2014[Tb][nan]3[ION]1
667,2014[U][nan]3[FSR]2
668,2014[YbCu][nan]3[FSR]1
669,2014[ZnMo][pcu]3[FSR]2
670,2014[Zn][cds]3[ASR]1
671,2014[Zn][dia]3[ASR]7
672,2014[Zn][nan]3[ASR]16
673,2014[Zn][nan]3[ASR]17
674,2014[Zn][nan]3[ASR]26
675,2014[Zn][nan]3[ASR]3
676,2014[Zn][nan]3[ASR]32
677,2014[Zn][nan]3[ION]1
678,2014[Zn][nou]3[ASR]1
679,2014[Zn][pcu]3[ASR]14
680,2014[Zn][pcu]3[ASR]19
681,2014[Zn][pts]3[ASR]1
682,2014[Zn][rtl]3[ASR]2
683,2014[Zn][sql]2[ION]1
684,2014[Zn][srs]3[ASR]2
685,2014[Zn][ths]3[ASR]3
686,2014[Zn][unj]3[ASR]1
687,2015[AgGd][nan]3[ASR]1
688,2015[Ag][nbo]3[ION]6
689,2015[Ca][sql]2[ION]1
690,2015[Cd][dia]3[ASR]1
691,2015[Cd][lvt]3[ASR]1
692,2015[Cd][nan]2[ASR]1
693,2015[Cd][nan]3[ASR]11
694,2015[Cd][nan]3[ASR]14
695,2015[Cd][nan]3[ASR]16
696,2015[Cd][nan]3[ASR]22
697,2015[Cd][nan]3[ASR]27
698,2015[Cd][nan]3[ASR]28
699,2015[Cd][nan]3[ASR]5
700,2015[Cd][pcu]3[ASR]3
701,2015[Cd][pts]3[ASR]1
702,2015[Cd][sql]2[ASR]2
703,2015[Cd][tcs]3[ASR]1
704,2015[CoV][nan]3[ASR]1
705,2015[Co][bnn]3[ION]4
706,2015[Co][nan]3[ASR]2
707,2015[Co][nan]3[ASR]9
708,2015[CrMn][noa]3[FSR]1
709,2015[CuCe][srs]3[FSR]1
710,2015[Cu][bcu]3[ASR]3
711,2015[Cu][hcb]2[ASR]1
712,2015[Cu][nan]3[ASR]12
713,2015[Cu][nan]3[ASR]13
714,2015[Cu][nan]3[ASR]24
715,2015[Cu][nan]3[ASR]25
716,2015[Cu][nan]3[ASR]3
717,2015[Cu][nan]3[ASR]7
718,2015[Cu][nan]3[FSR]2
719,2015[Cu][pcu]3[ASR]3
720,2015[Cu][rob]3[ASR]2
721,2015[Dy][nan]3[FSR]1
722,2015[ErCo][hcb]2[FSR]1
723,2015[EuTb][nan]3[ASR]2
724,2015[EuTb][nan]3[ASR]3
725,2015[Eu][nan]3[ASR]9
726,2015[Eu][nan]3[FSR]1
727,2015[Eu][sra]3[ASR]3
728,2015[Fe][nan]3[ASR]1
729,2015[Fe][pts]3[ASR]4
730,2015[HoCu][jaj]3[ASR]1
731,2015[Ho][rob]3[ASR]1
732,2015[In][nan]3[ION]1
733,2015[La][nan]3[ASR]7
734,2015[La][nan]3[FSR]2
735,2015[Mg][dia]3[ASR]1
736,2015[Mg][nan]3[ASR]10
737,2015[Mg][nan]3[ASR]3
738,2015[Mg][nan]3[ASR]4
739,2015[Mg][nan]3[ASR]9
740,2015[Mn][lvt]3[ASR]1
741,2015[Mn][nan]3[ASR]11
742,2015[Mn][nan]3[ASR]14
743,2015[Mn][nan]3[ASR]9
744,2015[Mn][tfz]3[ASR]1
745,2015[Nd][nan]3[ASR]1
746,2015[Nd][nan]3[ASR]2
747,2015[Nd][nan]3[ASR]3
748,2015[Ni][bpq]3[ASR]1
749,2015[Ni][dia]3[FSR]3
750,2015[Ni][sit]3[ASR]1
751,2015[Pr][hcb]2[FSR]1
752,2015[Pr][nan]3[FSR]1
753,2015[TbZn][nan]3[FSR]2
754,2015[Tb][nan]3[ASR]12
755,2015[Tb][nan]3[ASR]13
756,2015[Tb][nan]3[ASR]5
757,2015[Tb][sra]3[ASR]4
758,2015[Th][flu]3[ASR]1
759,2015[Th][flu]3[FSR]1
760,2015[TmCo][hcb]2[FSR]1
761,2015[U][nan]3[ASR]9
762,2015[U][nan]3[FSR]9
763,2015[Yb][nan]3[ASR]2
764,2015[ZnCo][sab]3[ASR]1
765,2015[ZnEu][nan]3[ASR]1
766,2015[ZnTb][nan]3[ASR]1
767,2015[Zn][dia]3[ASR]6
768,2015[Zn][dmc]3[ASR]1
769,2015[Zn][eta]3[ASR]2
770,2015[Zn][nan]3[ASR]14
771,2015[Zn][nan]3[ASR]29
772,2015[Zn][nan]3[ASR]42
773,2015[Zn][nan]3[FSR]22
774,2015[Zn][nan]3[ION]1
775,2015[Zn][nbo]3[ASR]4
776,2015[Zn][rtl]3[ASR]2
777,2015[Zn][sql]2[FSR]4
778,2015[Zn][sra]3[ASR]2
779,2015[Zn][ths]3[ASR]1
780,2015[Zr][fcu]3[ASR]1
781,2016[Ag][dia]3[ION]2
782,2016[Ag][nan]3[ASR]8
783,2016[Ag][nan]3[ASR]9
784,2016[Cd][bcu]3[ASR]1
785,2016[Cd][flu]3[ION]1
786,2016[Cd][fsc]3[ASR]1
787,2016[Cd][nan]3[ASR]21
788,2016[Cd][nan]3[ASR]25
789,2016[Cd][nan]3[ASR]30
790,2016[Cd][nan]3[ASR]7
791,2016[Cd][nan]3[FSR]34
792,2016[Cd][nan]3[FSR]35
793,2016[Cd][pts]3[ION]1
794,2016[Cd][sql]2[ION]1
795,2016[CeCu][nan]3[ASR]1
796,2016[Co][bbf]3[ASR]1
797,2016[Co][nan]3[ASR]13
798,2016[Co][nan]3[ASR]24
799,2016[Co][nan]3[ASR]25
800,2016[Co][nan]3[FSR]25
801,2016[Co][pts]3[ASR]6
802,2016[Co][sql]2[ASR]11
803,2016[Co][sql]2[ASR]14
804,2016[Co][sql]2[ASR]19
805,2016[Co][sql]2[ASR]21
806,2016[Co][sql]2[ASR]6
807,2016[Co][sql]2[FSR]15
808,2016[Co][sql]2[FSR]16
809,2016[Co][sql]2[FSR]19
810,2016[Co][sql]2[FSR]21
811,2016[Co][sql]2[FSR]5
812,2016[Co][sql]2[FSR]9
813,2016[Co][tbo]3[FSR]1
814,2016[CuCe][nan]3[FSR]1
815,2016[CuEu][nan]3[ASR]1
816,2016[CuGd][nan]3[ASR]1
817,2016[CuSi][pcu]2[ASR]1
818,2016[CuU][nan]3[ASR]1
819,2016[Cu][ant]3[ASR]1
820,2016[Cu][fsc]3[ASR]1
821,2016[Cu][mmm]3[ASR]2
822,2016[Cu][nan]3[ASR]2
823,2016[Cu][nbo]3[ASR]19
824,2016[Cu][nbo]3[ASR]30
825,2016[Cu][nbo]3[ASR]39
826,2016[Cu][nbo]3[ASR]4
827,2016[Cu][nbo]3[ASR]40
828,2016[Cu][nbo]3[ASR]48
829,2016[Cu][nbo]3[ASR]8
830,2016[Cu][pyr]3[ASR]1
831,2016[Cu][sqc]3[ASR]1
832,2016[Cu][sql]2[ASR]2
833,2016[Cu][tbo]3[ASR]4
834,2016[Cu][tfw]2[ASR]2
835,2016[Cu][ubo]3[ASR]1
836,2016[Dy][dia]3[ASR]1
837,2016[Dy][dia]3[FSR]1
838,2016[Dy][nan]3[ASR]4
839,2016[Dy][pcu]3[ASR]3
840,2016[Eu][ant]3[ASR]1
841,2016[Eu][kgd]2[ASR]1
842,2016[Eu][nan]3[ASR]6
843,2016[Eu][nan]3[ASR]9
844,2016[FeAu][fsc]3[ASR]1
845,2016[Fe][acs]3[FSR]1
846,2016[Fe][hcb]2[ASR]1
847,2016[Ga][nan]3[ASR]2
848,2016[Ga][nan]3[ASR]3
849,2016[Ga][nan]3[ASR]4
850,2016[Gd][dia]3[ASR]1
851,2016[Gd][nan]3[ASR]1
852,2016[In][nan]3[ASR]12
853,2016[In][unc]3[ASR]2
854,2016[La][sql]2[ASR]1
855,2016[Lu][mog]3[ASR]1
856,2016[Lu][mog]3[FSR]1
857,2016[Mg][hms]3[ASR]1
858,2016[Mn][acs]3[ASR]1
859,2016[Mn][flu]3[ASR]1
860,2016[Mn][nan]3[FSR]2
861,2016[Mn][tbo]3[ASR]1
862,2016[Ni][acs]3[ASR]1
863,2016[Ni][dia]3[ASR]4
864,2016[Ni][neb]3[ASR]3
865,2016[Ni][sit]3[ASR]1
866,2016[Pr][pcu]3[ASR]2
867,2016[SbAg][lvt]3[ION]1
868,2016[Sm][nan]3[ASR]3
869,2016[Tb][ant]3[ASR]2
870,2016[Th][gfy]3[ASR]1
871,2016[Th][gfy]3[FSR]1
872,2016[Th][nan]3[ASR]1
873,2016[Ti][srs]3[ASR]1
874,2016[USi][ths]3[ASR]1
875,2016[USi][ths]3[FSR]1
876,2016[Zn][bpq]3[ASR]3
877,2016[Zn][hcb]2[ASR]1
878,2016[Zn][ins]3[ASR]1
879,2016[Zn][nan]3[ASR]16
880,2016[Zn][nan]3[ASR]18
881,2016[Zn][nan]3[ASR]7
882,2016[Zn][nts]3[ASR]1
883,2016[Zn][rtl]3[ION]1
884,2016[Zn][sab]3[ASR]1
885,2016[Zn][sql]2[ASR]1
886,2016[Zn][sra]3[ASR]2
887,2016[Zn][ths]3[ASR]1
888,2016[Zn][ths]3[ASR]11
889,2016[Zn][ths]3[ASR]3
890,2016[Zn][ths]3[ASR]6
891,2016[Zr][bct]3[ASR]1
892,2017[Ag][hcb]2[ASR]14
893,2017[Ag][hcb]2[ASR]16
894,2017[Ag][hcb]2[ASR]7
895,2017[Ag][hcb]2[ASR]9
896,2017[Ag][hcb]2[FSR]10
897,2017[Ag][hcb]2[FSR]7
898,2017[Ag][hcb]2[ION]2
899,2017[Ag][hcb]2[ION]4
900,2017[Ag][nan]2[ION]3
901,2017[Ag][sqc]2[ASR]1
902,2017[Ag][srs]3[ION]21
903,2017[Ag][srs]3[ION]23
904,2017[Ag][srs]3[ION]31
905,2017[Ag][srs]3[ION]38
906,2017[Ag][srs]3[ION]5
907,2017[Ag][srs]3[ION]6
908,2017[Al][skl]3[ASR]3
909,2017[CdK][bcu]3[ION]1
910,2017[Cd][hcb]2[ASR]1
911,2017[Cd][kgd]2[FSR]3
912,2017[Cd][nan]3[ASR]10
913,2017[Cd][nan]3[ASR]4
914,2017[Cd][nan]3[ION]1
915,2017[Cd][sql]2[ASR]14
916,2017[Cd][sql]2[ASR]6
917,2017[Cd][sql]2[FSR]11
918,2017[Cd][sra]3[FSR]2
919,2017[Cd][tav]3[ASR]1
920,2017[Ce][pts]3[ASR]1
921,2017[CoCr][pcu]3[ASR]1
922,2017[CoFe][nan]2[ASR]1
923,2017[Co][afw]3[ASR]1
924,2017[Co][bnn]3[ASR]3
925,2017[Co][bnn]3[ASR]4
926,2017[Co][bnn]3[ION]5
927,2017[Co][hex]3[ASR]1
928,2017[Co][lvt]3[ASR]1
929,2017[Co][nan]2[ASR]3
930,2017[Co][nan]3[ASR]1
931,2017[Co][nan]3[ASR]20
932,2017[Co][nan]3[ASR]8
933,2017[Co][pcu]2[ASR]10
934,2017[Co][pcu]2[ASR]5
935,2017[Co][pcu]2[ASR]8
936,2017[Co][sql]2[ASR]10
937,2017[Co][sql]2[ASR]7
938,2017[Co][sql]2[FSR]2
939,2017[CuEr][nan]3[ASR]1
940,2017[CuNd][nan]3[FSR]1
941,2017[Cu][cds]3[ASR]1
942,2017[Cu][hcb]2[ASR]2
943,2017[Cu][hcb]2[ASR]5
944,2017[Cu][nan]2[ASR]1
945,2017[Cu][nan]3[ASR]10
946,2017[Cu][nan]3[ASR]14
947,2017[Cu][nan]3[ASR]4
948,2017[Cu][nan]3[ASR]6
949,2017[Cu][nbo]3[ASR]4
950,2017[Cu][pto]3[ASR]1
951,2017[Cu][pts]3[ASR]1
952,2017[Cu][pts]3[ASR]2
953,2017[Cu][pts]3[FSR]1
954,2017[Cu][rob]3[ASR]3
955,2017[Cu][rob]3[ASR]9
956,2017[Cu][sql]2[ASR]2
957,2017[Cu][sql]2[ASR]3
958,2017[Cu][ths]3[ASR]1
959,2017[DyCu][nan]3[ASR]1
960,2017[Eu][dia]3[FSR]1
961,2017[Eu][mog]3[ASR]1
962,2017[Eu][mog]3[FSR]1
963,2017[Eu][nan]2[ASR]1
964,2017[Eu][nan]2[ASR]2
965,2017[Eu][nan]3[ASR]2
966,2017[Eu][nan]3[ASR]9
967,2017[FeNi][hcb]2[FSR]1
968,2017[Fe][kag]3[ASR]1
969,2017[Gd][kgd]2[ASR]1
970,2017[In][nan]2[ASR]1
971,2017[In][nan]2[FSR]2
972,2017[In][pts]3[ASR]2
973,2017[IrHf][she]3[ASR]1
974,2017[La][nan]2[ASR]2
975,2017[La][nan]3[FSR]3
976,2017[Mg][nan]3[ASR]1
977,2017[Mn][hxl]2[ASR]1
978,2017[Mn][kgm]2[ASR]1
979,2017[Mn][nan]3[ASR]8
980,2017[Mn][sql]2[ASR]1
981,2017[Nd][kgd]2[ASR]1
982,2017[Nd][nan]3[ASR]3
983,2017[Nd][nan]3[FSR]6
984,2017[Ni][hcb]2[FSR]1
985,2017[Ni][sqc]3[ASR]1
986,2017[Ni][sqc]3[ASR]2
987,2017[Ni][sql]2[ASR]2
988,2017[Pr][mog]3[FSR]1
989,2017[Sc][nan]3[ASR]1
990,2017[TbCu][nan]3[FSR]2
991,2017[Tb][nan]3[FSR]4
992,2017[Tm][nan]3[ASR]1
993,2017[U][nan]3[FSR]2
994,2017[ZnMnMo][sql]2[FSR]1
995,2017[ZnSi][sql]2[ASR]1
996,2017[Zn][dia]3[ASR]3
997,2017[Zn][dia]3[ION]1
998,2017[Zn][hcb]2[ASR]3
999,2017[Zn][hcb]2[ASR]4
1000,2017[Zn][kgd]2[ASR]1
1001,2017[Zn][nan]3[ASR]1
1002,2017[Zn][nan]3[ASR]6
1003,2017[Zn][nan]3[FSR]10
1004,2017[Zn][nan]3[FSR]2
1005,2017[Zn][nan]3[FSR]3
1006,2017[Zn][nbo]3[ASR]2
1007,2017[Zn][pcu]3[ASR]10
1008,2017[Zn][pcu]3[ASR]14
1009,2017[Zn][pcu]3[ASR]19
1010,2017[Zn][pcu]3[FSR]6
1011,2017[Zn][sit]3[ASR]1
1012,2017[Zn][sql]2[ASR]1
1013,2017[Zn][sql]2[ASR]18
1014,2017[Zn][sql]2[ASR]7
1015,2017[Zn][sql]2[ASR]8
1016,2017[Zn][unc]3[ASR]2
1017,2017[Zr][csq]3[ASR]4
1018,2018[Ag][hcb]2[FSR]1
1019,2018[Ag][sql]2[ASR]5
1020,2018[Al][nan]3[ASR]4
1021,2018[Cd][kgd]2[ASR]3
1022,2018[Cd][nan]3[ASR]11
1023,2018[Cd][nan]3[ASR]12
1024,2018[Cd][nan]3[ASR]17
1025,2018[Cd][nan]3[ASR]6
1026,2018[Cd][nan]3[ASR]9
1027,2018[Cd][pcu]3[ASR]2
1028,2018[Cd][sql]2[ASR]1
1029,2018[Cd][sql]2[ASR]4
1030,2018[Ce][nan]3[ASR]1
1031,2018[CoAg][pts]3[ASR]1
1032,2018[Co][flu]3[ASR]4
1033,2018[Co][kgd]2[ASR]1
1034,2018[Co][nan]3[ASR]13
1035,2018[Co][nan]3[ASR]5
1036,2018[Co][nan]3[ASR]9
1037,2018[Co][sql]2[ASR]1
1038,2018[Cr][tbo]3[ASR]1
1039,2018[Cu][kgm]2[ASR]2
1040,2018[Cu][nan]2[ASR]1
1041,2018[Cu][nan]3[ASR]14
1042,2018[Cu][nan]3[ASR]2
1043,2018[Cu][nan]3[ASR]5
1044,2018[Cu][sit]3[ASR]1
1045,2018[Cu][sql]2[ASR]1
1046,2018[Cu][ths]3[ION]2
1047,2018[Dy][kgd]2[ION]1
1048,2018[Dy][rtl]3[FSR]1
1049,2018[Er][nan]3[ASR]1
1050,2018[Er][nan]3[ASR]3
1051,2018[Eu][nan]3[FSR]5
1052,2018[Eu][nan]3[ION]1
1053,2018[Eu][sqc]3[ASR]1
1054,2018[Fe][sql]2[ASR]1
1055,2018[Gd][nan]3[ASR]4
1056,2018[Gd][rtl]3[ASR]1
1057,2018[Gd][sqc]3[ASR]1
1058,2018[La][nan]2[ION]1
1059,2018[La][nan]3[FSR]1
1060,2018[Nd][rtl]3[ASR]1
1061,2018[NiCo][scu]3[ASR]1
1062,2018[Pr][nan]3[ASR]1
1063,2018[Sm][rtl]3[ASR]1
1064,2018[Tb][bnn]3[ASR]1
1065,2018[Tb][flu]3[ASR]1
1066,2018[Tb][kgd]2[ION]1
1067,2018[Tb][nan]2[ASR]1
1068,2018[Tb][rtl]3[FSR]1
1069,2018[U][nan]3[FSR]1
1070,2018[U][sql]2[FSR]1
1071,2018[Yb][fcu]3[ASR]1
1072,2018[Yb][nan]3[ASR]1
1073,2018[ZnCd][nan]2[ASR]1
1074,2018[Zn][bcu]3[ASR]1
1075,2018[Zn][hcb]2[ASR]1
1076,2018[Zn][hxl]2[FSR]1
1077,2018[Zn][nan]3[ASR]2
1078,2018[Zn][sql]2[ASR]11
1079,2018[Zn][sql]2[ASR]15
1080,2018[Zn][sql]2[ASR]16
1081,2018[Zn][sql]2[ASR]23
1082,2018[Zn][sql]2[ASR]5
1083,2018[Zn][sql]2[ASR]9
1084,2018[Zn][sql]2[ION]1
1085,2018[Zr][nan]3[ASR]4
1086,2018[Zr][nan]3[ASR]5
1087,2018[Zr][pcu]3[ASR]7
1088,2019[Ag][nan]2[ION]3
1089,2019[Ag][nan]3[ASR]1
1090,2019[Ag][sra]3[ION]2
1091,2019[Al][bpq]3[ASR]3
1092,2019[Al][fon]3[ASR]2
1093,2019[Cd][ant]3[ASR]1
1094,2019[Cd][cem]2[ASR]1
1095,2019[Cd][cem]2[ASR]2
1096,2019[Cd][hcb]2[ASR]4
1097,2019[Cd][kgd]2[ION]1
1098,2019[Cd][nan]2[ASR]1
1099,2019[Cd][nan]3[ASR]11
1100,2019[Cd][nan]3[ASR]12
1101,2019[Cd][nan]3[ASR]6
1102,2019[Cd][qtz]2[ASR]1
1103,2019[Cd][roa]3[ASR]1
1104,2019[Cd][rtl]3[ASR]1
1105,2019[Cd][sqc]3[ASR]1
1106,2019[Cd][sql]2[ASR]3
1107,2019[Cd][tfz]3[ASR]2
1108,2019[Cd][tfz]3[ASR]3
1109,2019[Ce][scu]3[FSR]1
1110,2019[Co][dag]3[ASR]1
1111,2019[Co][hcb]2[ASR]1
1112,2019[Co][hcb]2[FSR]1
1113,2019[Co][hex]3[ASR]1
1114,2019[Co][hex]3[ASR]2
1115,2019[Co][nan]3[ASR]15
1116,2019[Co][nan]3[ASR]3
1117,2019[Co][pcu]3[ASR]1
1118,2019[Co][pcu]3[ASR]2
1119,2019[Co][pcu]3[ASR]4
1120,2019[Co][pcu]3[ASR]5
1121,2019[Co][pcu]3[ASR]7
1122,2019[Co][rtl]3[ASR]1
1123,2019[Co][sql]2[ASR]4
1124,2019[Co][stp]3[ASR]1
1125,2019[CrZr][csq]3[ASR]1
1126,2019[Cu][lcv]3[ASR]1
1127,2019[Cu][lcv]3[FSR]2
1128,2019[Cu][nan]3[ASR]1
1129,2019[Cu][nan]3[FSR]5
1130,2019[Cu][nbo]3[ASR]2
1131,2019[Cu][pts]3[ASR]2
1132,2019[Cu][rtl]3[ASR]2
1133,2019[Cu][sql]2[ASR]9
1134,2019[Dy][sql]2[FSR]3
1135,2019[Eu][flu]3[ION]1
1136,2019[Eu][kgd]2[ASR]1
1137,2019[Eu][nan]3[ASR]2
1138,2019[Eu][nan]3[ASR]3
1139,2019[Eu][sql]2[ASR]1
1140,2019[Eu][sql]2[ASR]2
1141,2019[Eu][tcs]3[ASR]1
1142,2019[Fe][acs]3[ASR]1
1143,2019[Fe][ant]3[ASR]1
1144,2019[Gd][kgd]2[ASR]1
1145,2019[InCu][nbo]3[ASR]1
1146,2019[In][bpq]3[ASR]2
1147,2019[In][mmt]3[ASR]1
1148,2019[La][kgd]2[ASR]1
1149,2019[La][nan]3[ASR]5
1150,2019[Mg][sql]2[FSR]1
1151,2019[Mn][fsc]3[ASR]1
1152,2019[Mn][srs]3[ASR]1
1153,2019[Nd][flu]3[ASR]1
1154,2019[Nd][kgd]2[FSR]1
1155,2019[Ni][nan]3[FSR]3
1156,2019[Ni][pcu]3[ASR]1
1157,2019[Pr][nan]3[ASR]2
1158,2019[Sm][hcb]2[ION]1
1159,2019[Sm][kgd]2[ASR]1
1160,2019[Sm][nan]3[ION]1
1161,2019[Sm][sqc]3[ASR]1
1162,2019[Tb][nan]3[FSR]3
1163,2019[Th][bcu]3[ASR]1
1164,2019[U][pts]3[FSR]1
1165,2019[V][nan]3[ASR]3
1166,2019[V][nan]3[ASR]4
1167,2019[Yb][nan]2[ASR]2
1168,2019[Yb][sql]2[ASR]1
1169,2019[Zn][ant]3[ASR]1
1170,2019[Zn][bbf]3[ASR]1
1171,2019[Zn][bcg]3[ASR]1
1172,2019[Zn][dmc]3[ASR]1
1173,2019[Zn][hcb]2[ASR]1
1174,2019[Zn][hcb]2[ASR]3
1175,2019[Zn][hcb]2[ASR]5
1176,2019[Zn][hcb]2[FSR]1
1177,2019[Zn][lvt]3[ASR]1
1178,2019[Zn][nan]2[ASR]2
1179,2019[Zn][nan]2[ASR]5
1180,2019[Zn][nan]3[ASR]12
1181,2019[Zn][nan]3[ASR]4
1182,2019[Zn][pcu]3[ASR]2
1183,2019[Zn][pts]3[ASR]2
1184,2019[Zn][pts]3[ASR]3
1185,2019[Zn][pyr]3[ASR]1
1186,2019[Zn][raa]3[ASR]3
1187,2019[Zn][sab]3[ASR]1
1188,2019[Zn][sit]3[ASR]1
1189,2019[Zn][sql]2[ASR]1
1190,2019[Zn][sql]2[ASR]10
1191,2019[Zn][sql]2[ASR]12
1192,2019[Zn][sql]2[ASR]5
1193,2019[Zn][sql]2[ASR]7
1194,2019[Zn][sql]2[ASR]8
1195,2019[Zn][tfw]3[ASR]1
1196,2019[Zr][flu]3[ASR]3
1197,2020[AlFe][rna]3[ASR]1
1198,2020[Al][nan]3[ASR]3
1199,2020[Bi][sql]2[ION]1
1200,2020[CdEu][nan]3[FSR]1
1201,2020[Cd][ant]3[FSR]1
1202,2020[Cd][hcb]2[ASR]4
1203,2020[Cd][hcb]2[FSR]4
1204,2020[Cd][nan]3[ASR]3
1205,2020[Cd][nan]3[ASR]7
1206,2020[Cd][nan]3[FSR]4
1207,2020[Cd][rtl]3[ION]1
1208,2020[Cd][sql]2[ASR]7
1209,2020[Cd][sql]2[ASR]9
1210,2020[Co][llz]3[ASR]1
1211,2020[Co][nan]2[ASR]6
1212,2020[Co][nan]3[ASR]10
1213,2020[Co][nan]3[ASR]24
1214,2020[Co][nan]3[ASR]8
1215,2020[Co][nan]3[ASR]9
1216,2020[Co][nbo]3[ASR]1
1217,2020[Co][sql]2[ASR]4
1218,2020[Co][sql]2[FSR]6
1219,2020[CuDy][nan]3[FSR]2
1220,2020[CuGe][sql]2[ASR]3
1221,2020[CuNb][sql]2[FSR]3
1222,2020[CuSi][pcu]2[ASR]2
1223,2020[Cu][dia]3[ASR]2
1224,2020[Cu][eea]3[ASR]1
1225,2020[Cu][nan]2[ASR]1
1226,2020[Cu][nan]2[ASR]7
1227,2020[Cu][nan]3[FSR]6
1228,2020[Cu][pcu]3[ASR]3
1229,2020[Cu][pts]3[ASR]1
1230,2020[Cu][pyr]3[ASR]1
1231,2020[Cu][sql]2[ASR]1
1232,2020[Cu][sql]2[ASR]18
1233,2020[Cu][sql]2[ASR]5
1234,2020[Cu][sql]2[FSR]15
1235,2020[Cu][tbo]3[ASR]2
1236,2020[Cu][tbo]3[ASR]6
1237,2020[Dy][nan]3[FSR]1
1238,2020[Eu][nan]2[FSR]1
1239,2020[FeIn][rna]3[FSR]1
1240,2020[Fe][nan]3[ASR]1
1241,2020[Fe][nan]3[ASR]4
1242,2020[Fe][nan]3[FSR]1
1243,2020[Fe][nuc]3[ASR]1
1244,2020[Gd][esg]3[ASR]1
1245,2020[Gd][esg]3[FSR]2
1246,2020[Hf][flu]3[ASR]1
1247,2020[La][pts]3[FSR]1
1248,2020[La][tfz]3[ASR]1
1249,2020[Mg][nan]3[ASR]8
1250,2020[Mn][cds]3[ASR]1
1251,2020[Mn][nan]3[ASR]3
1252,2020[Mn][sql]2[ASR]2
1253,2020[Nd][nan]3[FSR]2
1254,2020[NiMn][nan]3[FSR]1
1255,2020[Ni][nan]3[FSR]3
1256,2020[Ni][sql]2[ASR]1
1257,2020[Ni][sql]2[FSR]10
1258,2020[Sc][nan]3[ASR]1
1259,2020[Tb][nan]2[FSR]2
1260,2020[Tb][nan]3[ASR]5
1261,2020[Tb][nan]3[ASR]7
1262,2020[UAg][nan]3[ASR]1
1263,2020[U][hcb]2[FSR]1
1264,2020[U][hcb]2[FSR]3
1265,2020[U][nan]3[ASR]1
1266,2020[V][nan]3[ASR]3
1267,2020[YMn][nan]3[FSR]1
1268,2020[Y][mog]3[FSR]1
1269,2020[Y][nan]3[FSR]2
1270,2020[Zn][bex]2[ASR]1
1271,2020[Zn][dia]3[ASR]11
1272,2020[Zn][dia]3[ASR]6
1273,2020[Zn][fes]2[FSR]1
1274,2020[Zn][hcb]2[ASR]5
1275,2020[Zn][hcb]3[ASR]1
1276,2020[Zn][kgd]2[FSR]1
1277,2020[Zn][nan]3[ASR]10
1278,2020[Zn][nan]3[ASR]13
1279,2020[Zn][nan]3[ASR]55
1280,2020[Zn][nan]3[ASR]6
1281,2020[Zn][nan]3[ASR]65
1282,2020[Zn][nan]3[ASR]68
1283,2020[Zn][nan]3[ASR]8
1284,2020[Zn][nan]3[FSR]15
1285,2020[Zn][pcu]3[ASR]11
1286,2020[Zn][pcu]3[ASR]7
1287,2020[Zn][qtz]3[ASR]1
1288,2020[Zn][sql]2[ASR]1
1289,2020[Zn][tbo]3[ASR]1
1290,2020[Zn][tfc]3[ASR]1
1291,2020[Zn][tfz]3[ASR]1
1292,2020[Zn][tfz]3[ASR]2
1293,2020[Zr][flu]3[ASR]2
1294,2020[Zr][nan]3[ASR]1
1295,2020[Zr][scu]3[ASR]1
1296,2021[Al][nan]3[ASR]16
1297,2021[Al][nan]3[ASR]24
1298,2021[Al][nan]3[ASR]7
1299,2021[Cd][hcb]2[ASR]1
1300,2021[Cd][pts]3[FSR]1
1301,2021[Cd][sql]2[ASR]3
1302,2021[Cd][sql]2[ASR]6
1303,2021[Cd][tfz]3[ASR]1
1304,2021[Cd][tfz]3[ASR]3
1305,2021[Cd][tfz]3[FSR]4
1306,2021[Ce][kgd]2[ASR]1
1307,2021[Ce][nan]3[ASR]2
1308,2021[Co][nan]3[ASR]11
1309,2021[Co][nan]3[ASR]2
1310,2021[Co][nan]3[FSR]17
1311,2021[Co][nan]3[ION]1
1312,2021[Co][sql]2[FSR]4
1313,2021[Co][svk]3[FSR]1
1314,2021[CuMn][tfz]3[ASR]2
1315,2021[Cu][pcu]3[ASR]3
1316,2021[Cu][ssb]3[ASR]1
1317,2021[Er][fcu]3[ASR]1
1318,2021[Er][nan]3[FSR]1
1319,2021[Eu][fcu]3[FSR]1
1320,2021[Eu][nan]3[ION]1
1321,2021[FeAg][fet]2[ION]1
1322,2021[Fe][bpq]3[ASR]1
1323,2021[Hf][sqc]3[FSR]1
1324,2021[Ho][nan]3[FSR]1
1325,2021[La][sql]2[ASR]1
1326,2021[Mn][dia]3[ASR]1
1327,2021[Mn][nan]2[ASR]2
1328,2021[Mn][nan]2[FSR]2
1329,2021[Nd][kgd]2[ASR]1
1330,2021[Nd][lvt]3[ASR]1
1331,2021[Ni][nan]3[ASR]4
1332,2021[Sm][rtl]3[FSR]1
1333,2021[Tb][nan]3[ASR]3
1334,2021[Tb][nan]3[FSR]1
1335,2021[Tm][nan]3[ASR]3
1336,2021[U][nan]2[ASR]1
1337,2021[U][nan]2[ASR]2
1338,2021[V][nan]3[ASR]1
1339,2021[V][nan]3[ASR]11
1340,2021[V][nan]3[ASR]12
1341,2021[V][nan]3[ASR]2
1342,2021[V][nan]3[ASR]9
1343,2021[Y][pcu]3[ASR]1
1344,2021[ZnIn][nan]3[ASR]1
1345,2021[ZnPb][llj]3[ASR]1
1346,2021[Zn][bex]2[ASR]1
1347,2021[Zn][dia]3[ASR]2
1348,2021[Zn][dmc]3[ASR]1
1349,2021[Zn][fsc]3[ASR]1
1350,2021[Zn][fsc]3[ASR]2
1351,2021[Zn][kgd]2[ASR]1
1352,2021[Zn][nan]3[ASR]10
1353,2021[Zn][nan]3[ASR]12
1354,2021[Zn][nan]3[ASR]13
1355,2021[Zn][nan]3[ASR]22
1356,2021[Zn][nan]3[ASR]8
1357,2021[Zn][pts]3[ASR]2
1358,2021[Zn][tfz]3[ASR]1
1359,2021[Zn][zst]3[ASR]1
1360,2022[Cd][crb]3[FSR]1
1361,2022[Cd][fes]2[ASR]1
1362,2022[Cd][nan]2[FSR]2
1363,2022[Cd][nan]3[ASR]1
1364,2022[Cd][nan]3[ASR]6
1365,2022[Cd][nan]3[FSR]1
1366,2022[Cd][nuc]3[ASR]1
1367,2022[Cd][sql]2[FSR]2
1368,2022[Co][sit]3[ASR]1
1369,2022[Cr][nan]3[ASR]2
1370,2022[CuCd][nan]2[ASR]1
1371,2022[Cu][sql]2[FSR]3
1372,2022[Cu][tbo]3[ASR]10
1373,2022[Cu][tbo]3[FSR]3
1374,2022[Cu][tbo]3[FSR]7
1375,2022[Er][ant]3[ASR]1
1376,2022[Eu][acs]3[ASR]1
1377,2022[Eu][ant]3[ASR]1
1378,2022[Eu][cco]3[ASR]1
1379,2022[Eu][hcb]2[ASR]3
1380,2022[Eu][pcu]3[ASR]1
1381,2022[Eu][pts]3[ASR]1
1382,2022[La][nan]2[ASR]1
1383,2022[Lu][nan]3[FSR]1
1384,2022[Mn][kgd]2[FSR]1
1385,2022[Mn][pcu]3[ASR]1
1386,2022[Mn][sql]2[ASR]2
1387,2022[Ni][nan]3[ASR]2
1388,2022[Ni][nan]3[ASR]3
1389,2022[Ni][nan]3[ASR]5
1390,2022[Pr][ant]3[ASR]1
1391,2022[Sm][sqc]3[ASR]1
1392,2022[Tb][dia]3[FSR]1
1393,2022[U][hcb]2[ASR]1
1394,2022[Y][acs]3[ASR]1
1395,2022[Y][nan]3[ASR]1
1396,2022[Y][nan]3[ASR]3
1397,2022[ZnCo][rtl]3[ASR]1
1398,2022[ZnPb][nan]2[FSR]1
1399,2022[Zn][hcb]2[ASR]1
1400,2022[Zn][hcb]2[FSR]1
1401,2022[Zn][hea]3[ASR]1
1402,2022[Zn][nan]3[ASR]13
1403,2022[Zn][nan]3[ASR]14
1404,2022[Zn][nan]3[ASR]22
1405,2022[Zn][nan]3[ASR]7
1406,2022[Zn][nan]3[ION]1
1407,2022[Zn][pts]3[ASR]2
1408,2022[Zn][pts]3[ASR]5
1409,2023[Al][nan]3[ASR]1
1410,2023[Cd][dia]3[ASR]2
1411,2023[Cd][fsc]3[ASR]1
1412,2023[Ce][nan]3[ASR]1
1413,2023[Co][ato]3[ASR]2
1414,2023[Co][ato]3[FSR]1
1415,2023[Co][dia]3[FSR]1
1416,2023[Co][sql]2[ASR]5
1417,2023[Co][sql]2[FSR]7
1418,2023[CuMo][nan]2[ASR]1
1419,2023[CuMo][nan]2[ASR]2
1420,2023[CuPt][fof]3[ASR]1
1421,2023[CuTh][sql]2[ASR]1
1422,2023[CuTi][nan]3[ASR]4
1423,2023[Cu][nan]3[ASR]3
1424,2023[Cu][nan]3[ASR]4
1425,2023[Cu][nan]3[ASR]5
1426,2023[Cu][nan]3[ASR]6
1427,2023[Cu][nan]3[ASR]9
1428,2023[Cu][pts]3[ION]1
1429,2023[Cu][sql]2[FSR]3
1430,2023[Eu][kgd]2[FSR]1
1431,2023[Eu][mog]3[ASR]1
1432,2023[Eu][nan]2[ASR]3
1433,2023[Fe][nan]3[ASR]4
1434,2023[Fe][xmz]3[ASR]5
1435,2023[Ga][bpq]3[ASR]21
1436,2023[Gd][nan]2[ASR]1
1437,2023[Ho][nan]3[ASR]1
1438,2023[Ho][nan]3[FSR]1
1439,2023[In][neb]3[ASR]3
1440,2023[In][nht]3[ASR]1
1441,2023[La][pts]3[FSR]1
1442,2023[Mg][bpq]3[ASR]1
1443,2023[Mn][nan]2[ASR]1
1444,2023[Mn][nan]2[FSR]1
1445,2023[Ni][dia]3[ION]7
1446,2023[Ni][nan]3[FSR]3
1447,2023[Ni][nan]3[FSR]4
1448,2023[Ni][sql]2[FSR]1
1449,2023[Ni][sql]2[FSR]2
1450,2023[Sc][bpq]3[ASR]2
1451,2023[Sc][nan]3[ASR]1
1452,2023[Sc][nan]3[ASR]2
1453,2023[Sc][nan]3[ASR]8
1454,2023[Sm][nan]3[ION]1
1455,2023[Tb][bey]2[FSR]1
1456,2023[Tb][nan]3[ASR]2
1457,2023[U][dia]3[ASR]1
1458,2023[WNdZr][nan]3[FSR]1
1459,2023[ZnTi][nan]3[ASR]11
1460,2023[ZnTi][nan]3[ASR]12
1461,2023[ZnTi][nan]3[ASR]2
1462,2023[ZnTi][nan]3[ASR]7
1463,2023[ZnTi][nan]3[ION]2
1464,2023[ZnTi][nan]3[ION]3
1465,2023[ZnTi][nan]3[ION]6
1466,2023[Zn][ant]3[ASR]1
1467,2023[Zn][fsc]3[ASR]1
1468,2023[Zn][hmc]3[ASR]1
1469,2023[Zn][kgd]2[FSR]2
1470,2023[Zn][nan]3[ASR]1
1471,2023[Zn][nan]3[ASR]11
1472,2023[Zn][nan]3[ASR]3
1473,2023[Zn][sql]2[ASR]1
1474,2023[Zn][sql]2[ASR]12
1475,2023[Zn][sql]2[ASR]19
1476,2023[Zn][sql]2[ASR]21
1477,2023[Zn][sql]2[ASR]23
1478,2023[Zn][sql]2[ASR]24
1479,2023[Zn][sql]2[ASR]7
1480,2023[Zn][sra]3[ASR]1
1481,2024[Cd][dia]3[ASR]1
1482,2024[Cd][nan]3[ASR]2
1483,2024[Cd][pcu]3[FSR]1
1484,2024[Cd][sql]2[ASR]1
1485,2024[Co][pcu]3[ASR]1
1486,2024[Cu][pcu]3[ASR]1
1487,2024[Cu][srs]3[FSR]1
1488,2024[Eu][sql]2[ASR]1
1489,2024[Mn][nan]3[ASR]2
1490,2024[Mn][pts]3[ASR]1
1491,2024[Mn][scu]3[ASR]1
1492,2024[Ni][fes]2[FSR]1
1493,2024[Ni][nan]3[ASR]1
1494,2024[Tb][nan]3[FSR]1
1495,2024[Zn][crb]3[ASR]27
1496,2024[Zn][fes]2[ASR]1
1497,2024[Zn][nan]3[FSR]2
1498,2024[Zn][pcu]3[FSR]2
1499,2024[Zn][sql]2[ASR]1
1500,2024[Zn][srs]3[ASR]1
